page_id,product,terminal,level,parent_id,title,route,primary_role,purpose,components,primary_actions,states,api_domains,priority,acceptance,is_leaf
PAGE-001,乐趣宝,PC与移动H5,2,,AI工作台,,按子页面权限,承载下级页面和统一导航,导航;分组;权限提示,进入下级页面,默认;加载中;空数据;局部错误;无权限;停用;成功;可恢复失败,,P0,导航、路由和权限正确,false
PAGE-002,乐趣宝,PC与移动H5,3,PAGE-001,新建与执行,,按子页面权限,承载下级页面和统一导航,导航;分组;权限提示,进入下级页面,默认;加载中;空数据;局部错误;无权限;停用;成功;可恢复失败,,P0,导航、路由和权限正确,false
PAGE-003,乐趣宝,PC与移动H5,4,PAGE-002,新对话,/bao/page-003,按页面权限,完成“新对话”相关的查看、处理与异常恢复,标题;筛选与搜索;内容区;状态反馈;主要操作;帮助与审计入口,查看;编辑或处理;确认;返回,默认;加载中;空数据;局部错误;无权限;停用;成功;可恢复失败,tenant;permission;business,P0,主任务可完成;异常可恢复;权限不越界;关键操作有反馈;事件已埋点,true
PAGE-004,乐趣宝,PC与移动H5,4,PAGE-002,普通对话,/bao/page-004,按页面权限,完成“普通对话”相关的查看、处理与异常恢复,标题;筛选与搜索;内容区;状态反馈;主要操作;帮助与审计入口,查看;编辑或处理;确认;返回,默认;加载中;空数据;局部错误;无权限;停用;成功;可恢复失败,tenant;permission;business,P0,主任务可完成;异常可恢复;权限不越界;关键操作有反馈;事件已埋点,true
PAGE-005,乐趣宝,PC与移动H5,4,PAGE-002,复杂任务,/bao/page-005,按页面权限,完成“复杂任务”相关的查看、处理与异常恢复,标题;筛选与搜索;内容区;状态反馈;主要操作;帮助与审计入口,查看;编辑或处理;确认;返回,默认;加载中;空数据;局部错误;无权限;停用;成功;可恢复失败,tenant;permission;business,P0,主任务可完成;异常可恢复;权限不越界;关键操作有反馈;事件已埋点,true
PAGE-006,乐趣宝,PC与移动H5,4,PAGE-002,成果预览,/bao/page-006,按页面权限,完成“成果预览”相关的查看、处理与异常恢复,标题;筛选与搜索;内容区;状态反馈;主要操作;帮助与审计入口,查看;编辑或处理;确认;返回,默认;加载中;空数据;局部错误;无权限;停用;成功;可恢复失败,tenant;permission;business,P0,主任务可完成;异常可恢复;权限不越界;关键操作有反馈;事件已埋点,true
PAGE-007,乐趣宝,PC与移动H5,4,PAGE-002,来源与工具轨迹,/bao/page-007,按页面权限,完成“来源与工具轨迹”相关的查看、处理与异常恢复,标题;筛选与搜索;内容区;状态反馈;主要操作;帮助与审计入口,查看;编辑或处理;确认;返回,默认;加载中;空数据;局部错误;无权限;停用;成功;可恢复失败,tenant;permission;business,P0,主任务可完成;异常可恢复;权限不越界;关键操作有反馈;事件已埋点,true
PAGE-008,乐趣宝,PC与移动H5,3,PAGE-001,会话管理,,按子页面权限,承载下级页面和统一导航,导航;分组;权限提示,进入下级页面,默认;加载中;空数据;局部错误;无权限;停用;成功;可恢复失败,,P0,导航、路由和权限正确,false
PAGE-009,乐趣宝,PC与移动H5,4,PAGE-008,会话列表,/bao/page-009,客服与店长,完成“会话列表”相关的查看、处理与异常恢复,标题;筛选与搜索;内容区;状态反馈;主要操作;帮助与审计入口,搜索;筛选;打开详情,默认;加载中;空数据;局部错误;无权限;停用;成功;可恢复失败,service;customer;knowledge,P0,主任务可完成;异常可恢复;权限不越界;关键操作有反馈;事件已埋点,true
PAGE-010,乐趣宝,PC与移动H5,4,PAGE-008,后台任务,/bao/page-010,按页面权限,完成“后台任务”相关的查看、处理与异常恢复,标题;筛选与搜索;内容区;状态反馈;主要操作;帮助与审计入口,查看;编辑或处理;确认;返回,默认;加载中;空数据;局部错误;无权限;停用;成功;可恢复失败,tenant;permission;business,P0,主任务可完成;异常可恢复;权限不越界;关键操作有反馈;事件已埋点,true
PAGE-011,乐趣宝,PC与移动H5,4,PAGE-008,材料与来源,/bao/page-011,按页面权限,完成“材料与来源”相关的查看、处理与异常恢复,标题;筛选与搜索;内容区;状态反馈;主要操作;帮助与审计入口,查看;编辑或处理;确认;返回,默认;加载中;空数据;局部错误;无权限;停用;成功;可恢复失败,merchant-intake;attachment;agent,P0,主任务可完成;异常可恢复;权限不越界;关键操作有反馈;事件已埋点,true
PAGE-012,乐趣宝,PC与移动H5,4,PAGE-008,身份与空间切换,/bao/page-012,按页面权限,完成“身份与空间切换”相关的查看、处理与异常恢复,标题;筛选与搜索;内容区;状态反馈;主要操作;帮助与审计入口,查看;编辑或处理;确认;返回,默认;加载中;空数据;局部错误;无权限;停用;成功;可恢复失败,tenant;permission;business,P0,主任务可完成;异常可恢复;权限不越界;关键操作有反馈;事件已埋点,true
PAGE-013,乐趣宝,PC与移动H5,3,PAGE-001,商家资料对话,,按子页面权限,承载下级页面和统一导航,导航;分组;权限提示,进入下级页面,默认;加载中;空数据;局部错误;无权限;停用;成功;可恢复失败,,P0,导航、路由和权限正确,false
PAGE-014,乐趣宝,PC与移动H5,4,PAGE-013,开始建档,/bao/page-014,商务与区县合作伙伴,完成“开始建档”相关的查看、处理与异常恢复,标题;筛选与搜索;内容区;状态反馈;主要操作;帮助与审计入口,查看;编辑或处理;确认;返回,默认;加载中;空数据;局部错误;无权限;停用;成功;可恢复失败,merchant-intake;attachment;agent,P0,主任务可完成;异常可恢复;权限不越界;关键操作有反馈;事件已埋点,true
PAGE-015,乐趣宝,PC与移动H5,4,PAGE-013,材料与语音,/bao/page-015,按页面权限,完成“材料与语音”相关的查看、处理与异常恢复,标题;筛选与搜索;内容区;状态反馈;主要操作;帮助与审计入口,查看;编辑或处理;确认;返回,默认;加载中;空数据;局部错误;无权限;停用;成功;可恢复失败,merchant-intake;attachment;agent,P0,主任务可完成;异常可恢复;权限不越界;关键操作有反馈;事件已埋点,true
PAGE-016,乐趣宝,PC与移动H5,4,PAGE-013,识别结果,/bao/page-016,按页面权限,完成“识别结果”相关的查看、处理与异常恢复,标题;筛选与搜索;内容区;状态反馈;主要操作;帮助与审计入口,查看;编辑或处理;确认;返回,默认;加载中;空数据;局部错误;无权限;停用;成功;可恢复失败,merchant-intake;attachment;agent,P0,主任务可完成;异常可恢复;权限不越界;关键操作有反馈;事件已埋点,true
PAGE-017,乐趣宝,PC与移动H5,4,PAGE-013,缺项追问,/bao/page-017,按页面权限,完成“缺项追问”相关的查看、处理与异常恢复,标题;筛选与搜索;内容区;状态反馈;主要操作;帮助与审计入口,查看;编辑或处理;确认;返回,默认;加载中;空数据;局部错误;无权限;停用;成功;可恢复失败,merchant-intake;attachment;agent,P0,主任务可完成;异常可恢复;权限不越界;关键操作有反馈;事件已埋点,true
PAGE-018,乐趣宝,PC与移动H5,4,PAGE-013,确认变更,/bao/page-018,按页面权限,完成“确认变更”相关的查看、处理与异常恢复,标题;筛选与搜索;内容区;状态反馈;主要操作;帮助与审计入口,查看;编辑或处理;确认;返回,默认;加载中;空数据;局部错误;无权限;停用;成功;可恢复失败,tenant;permission;business,P0,主任务可完成;异常可恢复;权限不越界;关键操作有反馈;事件已埋点,true
PAGE-019,乐趣宝,PC与移动H5,5,PAGE-018,字段来源,/bao/page-019,按页面权限,完成“字段来源”相关的查看、处理与异常恢复,标题;筛选与搜索;内容区;状态反馈;主要操作;帮助与审计入口,查看;编辑或处理;确认;返回,默认;加载中;空数据;局部错误;无权限;停用;成功;可恢复失败,merchant-intake;attachment;agent,P0,主任务可完成;异常可恢复;权限不越界;关键操作有反馈;事件已埋点,true
PAGE-020,乐趣宝,PC与移动H5,6,PAGE-019,原始材料,/bao/page-020,按页面权限,完成“原始材料”相关的查看、处理与异常恢复,标题;筛选与搜索;内容区;状态反馈;主要操作;帮助与审计入口,查看;编辑或处理;确认;返回,默认;加载中;空数据;局部错误;无权限;停用;成功;可恢复失败,merchant-intake;attachment;agent,P0,主任务可完成;异常可恢复;权限不越界;关键操作有反馈;事件已埋点,true
PAGE-021,乐趣宝,PC与移动H5,4,PAGE-013,影响与发布,/bao/page-021,按页面权限,完成“影响与发布”相关的查看、处理与异常恢复,标题;筛选与搜索;内容区;状态反馈;主要操作;帮助与审计入口,查看;编辑或处理;确认;返回,默认;加载中;空数据;局部错误;无权限;停用;成功;可恢复失败,tenant;permission;business,P0,主任务可完成;异常可恢复;权限不越界;关键操作有反馈;事件已埋点,true
PAGE-022,乐趣宝,PC与移动H5,2,,商务中心,,按子页面权限,承载下级页面和统一导航,导航;分组;权限提示,进入下级页面,默认;加载中;空数据;局部错误;无权限;停用;成功;可恢复失败,,P0,导航、路由和权限正确,false
PAGE-023,乐趣宝,PC与移动H5,3,PAGE-022,商务首页,,按子页面权限,承载下级页面和统一导航,导航;分组;权限提示,进入下级页面,默认;加载中;空数据;局部错误;无权限;停用;成功;可恢复失败,,P0,导航、路由和权限正确,false
PAGE-024,乐趣宝,PC与移动H5,4,PAGE-023,今日与收益,/bao/page-024,财务或审计角色,完成“今日与收益”相关的查看、处理与异常恢复,标题;筛选与搜索;内容区;状态反馈;主要操作;帮助与审计入口,查看;编辑或处理;确认;返回,默认;加载中;空数据;局部错误;无权限;停用;成功;可恢复失败,subscription;entitlement;usage;revenue-share,P0,主任务可完成;异常可恢复;权限不越界;关键操作有反馈;事件已埋点,true
PAGE-025,乐趣宝,PC与移动H5,3,PAGE-022,商机管理,,按子页面权限,承载下级页面和统一导航,导航;分组;权限提示,进入下级页面,默认;加载中;空数据;局部错误;无权限;停用;成功;可恢复失败,,P0,导航、路由和权限正确,false
PAGE-026,乐趣宝,PC与移动H5,4,PAGE-025,商机列表,/bao/page-026,商务与区县合作伙伴,完成“商机列表”相关的查看、处理与异常恢复,标题;筛选与搜索;内容区;状态反馈;主要操作;帮助与审计入口,搜索;筛选;打开详情,默认;加载中;空数据;局部错误;无权限;停用;成功;可恢复失败,tenant;permission;business,P0,主任务可完成;异常可恢复;权限不越界;关键操作有反馈;事件已埋点,true
PAGE-027,乐趣宝,PC与移动H5,4,PAGE-025,商机详情,/bao/page-027,商务与区县合作伙伴,完成“商机详情”相关的查看、处理与异常恢复,标题;筛选与搜索;内容区;状态反馈;主要操作;帮助与审计入口,查看;编辑或处理;确认;返回,默认;加载中;空数据;局部错误;无权限;停用;成功;可恢复失败,tenant;permission;business,P0,主任务可完成;异常可恢复;权限不越界;关键操作有反馈;事件已埋点,true
PAGE-028,乐趣宝,PC与移动H5,4,PAGE-025,重复与归属检查,/bao/page-028,按页面权限,完成“重复与归属检查”相关的查看、处理与异常恢复,标题;筛选与搜索;内容区;状态反馈;主要操作;帮助与审计入口,查看;编辑或处理;确认;返回,默认;加载中;空数据;局部错误;无权限;停用;成功;可恢复失败,subscription;entitlement;usage;revenue-share,P0,主任务可完成;异常可恢复;权限不越界;关键操作有反馈;事件已埋点,true
PAGE-029,乐趣宝,PC与移动H5,3,PAGE-022,签约与开通,,按子页面权限,承载下级页面和统一导航,导航;分组;权限提示,进入下级页面,默认;加载中;空数据;局部错误;无权限;停用;成功;可恢复失败,,P0,导航、路由和权限正确,false
PAGE-030,乐趣宝,PC与移动H5,4,PAGE-029,套餐报价,/bao/page-030,按页面权限,完成“套餐报价”相关的查看、处理与异常恢复,标题;筛选与搜索;内容区;状态反馈;主要操作;帮助与审计入口,查看;编辑或处理;确认;返回,默认;加载中;空数据;局部错误;无权限;停用;成功;可恢复失败,subscription;entitlement;usage;revenue-share,P0,主任务可完成;异常可恢复;权限不越界;关键操作有反馈;事件已埋点,true
PAGE-031,乐趣宝,PC与移动H5,4,PAGE-029,合同与收款,/bao/page-031,按页面权限,完成“合同与收款”相关的查看、处理与异常恢复,标题;筛选与搜索;内容区;状态反馈;主要操作;帮助与审计入口,查看;编辑或处理;确认;返回,默认;加载中;空数据;局部错误;无权限;停用;成功;可恢复失败,tenant;permission;business,P0,主任务可完成;异常可恢复;权限不越界;关键操作有反馈;事件已埋点,true
PAGE-032,乐趣宝,PC与移动H5,3,PAGE-022,商户归属权,,按子页面权限,承载下级页面和统一导航,导航;分组;权限提示,进入下级页面,默认;加载中;空数据;局部错误;无权限;停用;成功;可恢复失败,,P0,导航、路由和权限正确,false
PAGE-033,乐趣宝,PC与移动H5,4,PAGE-032,永久收益权,/bao/page-033,商务人员;总部财务,查看绑定商户、受益人、永久状态和规则版本,标题;筛选与搜索;内容区;状态反馈;主要操作;帮助与审计入口,查看;申诉;发起转让,默认;加载中;空数据;局部错误;无权限;停用;成功;可恢复失败,attribution;revenue-right,P0,主任务可完成;异常可恢复;权限不越界;关键操作有反馈;事件已埋点,true
PAGE-034,乐趣宝,PC与移动H5,4,PAGE-032,多人内部比例,/bao/page-034,按页面权限,完成“多人内部比例”相关的查看、处理与异常恢复,标题;筛选与搜索;内容区;状态反馈;主要操作;帮助与审计入口,查看;编辑或处理;确认;返回,默认;加载中;空数据;局部错误;无权限;停用;成功;可恢复失败,tenant;permission;business,P0,主任务可完成;异常可恢复;权限不越界;关键操作有反馈;事件已埋点,true
PAGE-035,乐趣宝,PC与移动H5,4,PAGE-032,争议与转让,/bao/page-035,按页面权限,完成“争议与转让”相关的查看、处理与异常恢复,标题;筛选与搜索;内容区;状态反馈;主要操作;帮助与审计入口,查看;编辑或处理;确认;返回,默认;加载中;空数据;局部错误;无权限;停用;成功;可恢复失败,tenant;permission;business,P0,主任务可完成;异常可恢复;权限不越界;关键操作有反馈;事件已埋点,true
PAGE-036,乐趣宝,PC与移动H5,3,PAGE-022,收益账户,,按子页面权限,承载下级页面和统一导航,导航;分组;权限提示,进入下级页面,默认;加载中;空数据;局部错误;无权限;停用;成功;可恢复失败,,P0,导航、路由和权限正确,false
PAGE-037,乐趣宝,PC与移动H5,4,PAGE-036,月度收益总览,/bao/page-037,财务或审计角色,完成“月度收益总览”相关的查看、处理与异常恢复,标题;筛选与搜索;内容区;状态反馈;主要操作;帮助与审计入口,查看;编辑或处理;确认;返回,默认;加载中;空数据;局部错误;无权限;停用;成功;可恢复失败,subscription;entitlement;usage;revenue-share,P0,主任务可完成;异常可恢复;权限不越界;关键操作有反馈;事件已埋点,true
PAGE-038,乐趣宝,PC与移动H5,4,PAGE-036,商户收益明细,/bao/page-038,商务人员,查看订阅实收、直接成本、可分配收益和本人份额,标题;筛选与搜索;内容区;状态反馈;主要操作;帮助与审计入口,查看成本;查看规则;申诉,默认;加载中;空数据;局部错误;无权限;停用;成功;可恢复失败,subscription;cost;revenue-share,P0,主任务可完成;异常可恢复;权限不越界;关键操作有反馈;事件已埋点,true
PAGE-039,乐趣宝,PC与移动H5,5,PAGE-038,直接成本明细,/bao/page-039,商务人员;总部财务,逐项查看可以对应到商户和服务月份的直接成本,标题;筛选与搜索;内容区;状态反馈;主要操作;帮助与审计入口,查看凭证;申请复核,默认;加载中;空数据;局部错误;无权限;停用;成功;可恢复失败,cost-allocation;audit,P0,主任务可完成;异常可恢复;权限不越界;关键操作有反馈;事件已埋点,true
PAGE-040,乐趣宝,PC与移动H5,6,PAGE-039,成本凭证,/bao/page-040,财务或审计角色,完成“成本凭证”相关的查看、处理与异常恢复,标题;筛选与搜索;内容区;状态反馈;主要操作;帮助与审计入口,查看;编辑或处理;确认;返回,默认;加载中;空数据;局部错误;无权限;停用;成功;可恢复失败,subscription;entitlement;usage;revenue-share,P0,主任务可完成;异常可恢复;权限不越界;关键操作有反馈;事件已埋点,true
PAGE-041,乐趣宝,PC与移动H5,4,PAGE-036,待结与已结,/bao/page-041,按页面权限,完成“待结与已结”相关的查看、处理与异常恢复,标题;筛选与搜索;内容区;状态反馈;主要操作;帮助与审计入口,查看;编辑或处理;确认;返回,默认;加载中;空数据;局部错误;无权限;停用;成功;可恢复失败,tenant;permission;business,P0,主任务可完成;异常可恢复;权限不越界;关键操作有反馈;事件已埋点,true
PAGE-042,乐趣宝,PC与移动H5,4,PAGE-036,退款冲回,/bao/page-042,按页面权限,完成“退款冲回”相关的查看、处理与异常恢复,标题;筛选与搜索;内容区;状态反馈;主要操作;帮助与审计入口,查看;编辑或处理;确认;返回,默认;加载中;空数据;局部错误;无权限;停用;成功;可恢复失败,order;payment;fulfillment;aftersale,P0,主任务可完成;异常可恢复;权限不越界;关键操作有反馈;事件已埋点,true
PAGE-043,乐趣宝,PC与移动H5,4,PAGE-036,收益申诉,/bao/page-043,财务或审计角色,完成“收益申诉”相关的查看、处理与异常恢复,标题;筛选与搜索;内容区;状态反馈;主要操作;帮助与审计入口,查看;编辑或处理;确认;返回,默认;加载中;空数据;局部错误;无权限;停用;成功;可恢复失败,subscription;entitlement;usage;revenue-share,P0,主任务可完成;异常可恢复;权限不越界;关键操作有反馈;事件已埋点,true
PAGE-044,乐趣宝,PC与移动H5,3,PAGE-022,续费管理,,按子页面权限,承载下级页面和统一导航,导航;分组;权限提示,进入下级页面,默认;加载中;空数据;局部错误;无权限;停用;成功;可恢复失败,,P0,导航、路由和权限正确,false
PAGE-045,乐趣宝,PC与移动H5,4,PAGE-044,续费列表,/bao/page-045,按页面权限,完成“续费列表”相关的查看、处理与异常恢复,标题;筛选与搜索;内容区;状态反馈;主要操作;帮助与审计入口,搜索;筛选;打开详情,默认;加载中;空数据;局部错误;无权限;停用;成功;可恢复失败,tenant;permission;business,P0,主任务可完成;异常可恢复;权限不越界;关键操作有反馈;事件已埋点,true
PAGE-046,乐趣宝,PC与移动H5,4,PAGE-044,续费详情,/bao/page-046,按页面权限,完成“续费详情”相关的查看、处理与异常恢复,标题;筛选与搜索;内容区;状态反馈;主要操作;帮助与审计入口,查看;编辑或处理;确认;返回,默认;加载中;空数据;局部错误;无权限;停用;成功;可恢复失败,tenant;permission;business,P0,主任务可完成;异常可恢复;权限不越界;关键操作有反馈;事件已埋点,true
PAGE-047,乐趣宝,PC与移动H5,2,,商户交付,,按子页面权限,承载下级页面和统一导航,导航;分组;权限提示,进入下级页面,默认;加载中;空数据;局部错误;无权限;停用;成功;可恢复失败,,P0,导航、路由和权限正确,false
PAGE-048,乐趣宝,PC与移动H5,3,PAGE-047,线索与签约,,按子页面权限,承载下级页面和统一导航,导航;分组;权限提示,进入下级页面,默认;加载中;空数据;局部错误;无权限;停用;成功;可恢复失败,,P0,导航、路由和权限正确,false
PAGE-049,乐趣宝,PC与移动H5,4,PAGE-048,商户线索,/bao/page-049,商务与区县合作伙伴,完成“商户线索”相关的查看、处理与异常恢复,标题;筛选与搜索;内容区;状态反馈;主要操作;帮助与审计入口,查看;编辑或处理;确认;返回,默认;加载中;空数据;局部错误;无权限;停用;成功;可恢复失败,tenant;permission;business,P0,主任务可完成;异常可恢复;权限不越界;关键操作有反馈;事件已埋点,true
PAGE-050,乐趣宝,PC与移动H5,4,PAGE-048,订阅开通,/bao/page-050,按页面权限,完成“订阅开通”相关的查看、处理与异常恢复,标题;筛选与搜索;内容区;状态反馈;主要操作;帮助与审计入口,查看;编辑或处理;确认;返回,默认;加载中;空数据;局部错误;无权限;停用;成功;可恢复失败,subscription;entitlement;usage;revenue-share,P0,主任务可完成;异常可恢复;权限不越界;关键操作有反馈;事件已埋点,true
PAGE-051,乐趣宝,PC与移动H5,3,PAGE-047,一键交付,,按子页面权限,承载下级页面和统一导航,导航;分组;权限提示,进入下级页面,默认;加载中;空数据;局部错误;无权限;停用;成功;可恢复失败,,P0,导航、路由和权限正确,false
PAGE-052,乐趣宝,PC与移动H5,4,PAGE-051,新建交付任务,/bao/page-052,商务与区县合作伙伴,完成“新建交付任务”相关的查看、处理与异常恢复,标题;筛选与搜索;内容区;状态反馈;主要操作;帮助与审计入口,查看;编辑或处理;确认;返回,默认;加载中;空数据;局部错误;无权限;停用;成功;可恢复失败,tenant;permission;business,P0,主任务可完成;异常可恢复;权限不越界;关键操作有反馈;事件已埋点,true
PAGE-053,乐趣宝,PC与移动H5,4,PAGE-051,交付任务详情,/bao/page-053,商务;商户管理员,跟踪一键交付的步骤、等待、失败和人工待办,标题;筛选与搜索;内容区;状态反馈;主要操作;帮助与审计入口,暂停;重试;继续;生成回执,默认;加载中;空数据;局部错误;无权限;停用;成功;可恢复失败,delivery;job;receipt,P0,主任务可完成;异常可恢复;权限不越界;关键操作有反馈;事件已埋点,true
PAGE-054,乐趣宝,PC与移动H5,4,PAGE-051,商户确认页,/bao/page-054,按页面权限,完成“商户确认页”相关的查看、处理与异常恢复,标题;筛选与搜索;内容区;状态反馈;主要操作;帮助与审计入口,查看;编辑或处理;确认;返回,默认;加载中;空数据;局部错误;无权限;停用;成功;可恢复失败,tenant;permission;business,P0,主任务可完成;异常可恢复;权限不越界;关键操作有反馈;事件已埋点,true
PAGE-055,乐趣宝,PC与移动H5,4,PAGE-051,交付验收与回执,/bao/page-055,商务与区县合作伙伴,完成“交付验收与回执”相关的查看、处理与异常恢复,标题;筛选与搜索;内容区;状态反馈;主要操作;帮助与审计入口,查看;编辑或处理;确认;返回,默认;加载中;空数据;局部错误;无权限;停用;成功;可恢复失败,tenant;permission;business,P0,主任务可完成;异常可恢复;权限不越界;关键操作有反馈;事件已埋点,true
PAGE-056,乐趣宝,PC与移动H5,3,PAGE-047,小程序发布,,按子页面权限,承载下级页面和统一导航,导航;分组;权限提示,进入下级页面,默认;加载中;空数据;局部错误;无权限;停用;成功;可恢复失败,,P0,导航、路由和权限正确,false
PAGE-057,乐趣宝,PC与移动H5,4,PAGE-056,小程序实例,/bao/page-057,按页面权限,完成“小程序实例”相关的查看、处理与异常恢复,标题;筛选与搜索;内容区;状态反馈;主要操作;帮助与审计入口,查看;编辑或处理;确认;返回,默认;加载中;空数据;局部错误;无权限;停用;成功;可恢复失败,miniapp;wechat-open;release,P0,主任务可完成;异常可恢复;权限不越界;关键操作有反馈;事件已埋点,true
PAGE-058,乐趣宝,PC与移动H5,4,PAGE-056,微信授权,/bao/page-058,商户管理员,完成商家管理员对微信第三方平台的官方授权,标题;筛选与搜索;内容区;状态反馈;主要操作;帮助与审计入口,扫码授权;刷新权限;撤销连接,默认;加载中;空数据;局部错误;无权限;停用;成功;可恢复失败,wechat-open;secret,P0,主任务可完成;异常可恢复;权限不越界;关键操作有反馈;事件已埋点,true
PAGE-059,乐趣宝,PC与移动H5,4,PAGE-056,名称与类目,/bao/page-059,按页面权限,完成“名称与类目”相关的查看、处理与异常恢复,标题;筛选与搜索;内容区;状态反馈;主要操作;帮助与审计入口,查看;编辑或处理;确认;返回,默认;加载中;空数据;局部错误;无权限;停用;成功;可恢复失败,tenant;permission;business,P0,主任务可完成;异常可恢复;权限不越界;关键操作有反馈;事件已埋点,true
PAGE-060,乐趣宝,PC与移动H5,4,PAGE-056,模板配置,/bao/page-060,按页面权限,完成“模板配置”相关的查看、处理与异常恢复,标题;筛选与搜索;内容区;状态反馈;主要操作;帮助与审计入口,查看;编辑或处理;确认;返回,默认;加载中;空数据;局部错误;无权限;停用;成功;可恢复失败,miniapp;wechat-open;release,P0,主任务可完成;异常可恢复;权限不越界;关键操作有反馈;事件已埋点,true
PAGE-061,乐趣宝,PC与移动H5,4,PAGE-056,体验版预览,/bao/page-061,按页面权限,完成“体验版预览”相关的查看、处理与异常恢复,标题;筛选与搜索;内容区;状态反馈;主要操作;帮助与审计入口,查看;编辑或处理;确认;返回,默认;加载中;空数据;局部错误;无权限;停用;成功;可恢复失败,miniapp;wechat-open;release,P0,主任务可完成;异常可恢复;权限不越界;关键操作有反馈;事件已埋点,true
PAGE-062,乐趣宝,PC与移动H5,4,PAGE-056,审核驳回处理,/bao/page-062,按页面权限,完成“审核驳回处理”相关的查看、处理与异常恢复,标题;筛选与搜索;内容区;状态反馈;主要操作;帮助与审计入口,查看;编辑或处理;确认;返回,默认;加载中;空数据;局部错误;无权限;停用;成功;可恢复失败,miniapp;wechat-open;release,P0,主任务可完成;异常可恢复;权限不越界;关键操作有反馈;事件已埋点,true
PAGE-063,乐趣宝,PC与移动H5,4,PAGE-056,审核与发布,/bao/page-063,商户管理员,提交微信审核，并在通过后由商家确认发布,标题;筛选与搜索;内容区;状态反馈;主要操作;帮助与审计入口,提交审核;查看结果;发布;暂停,默认;加载中;空数据;局部错误;无权限;停用;成功;可恢复失败,miniapp-release;wechat-open,P0,主任务可完成;异常可恢复;权限不越界;关键操作有反馈;事件已埋点,true
PAGE-064,乐趣宝,PC与移动H5,5,PAGE-063,审核详情,/bao/page-064,按页面权限,完成“审核详情”相关的查看、处理与异常恢复,标题;筛选与搜索;内容区;状态反馈;主要操作;帮助与审计入口,查看;编辑或处理;确认;返回,默认;加载中;空数据;局部错误;无权限;停用;成功;可恢复失败,miniapp;wechat-open;release,P0,主任务可完成;异常可恢复;权限不越界;关键操作有反馈;事件已埋点,true
PAGE-065,乐趣宝,PC与移动H5,6,PAGE-064,驳回原因与修正,/bao/page-065,按页面权限,完成“驳回原因与修正”相关的查看、处理与异常恢复,标题;筛选与搜索;内容区;状态反馈;主要操作;帮助与审计入口,查看;编辑或处理;确认;返回,默认;加载中;空数据;局部错误;无权限;停用;成功;可恢复失败,tenant;permission;business,P0,主任务可完成;异常可恢复;权限不越界;关键操作有反馈;事件已埋点,true
PAGE-066,乐趣宝,PC与移动H5,4,PAGE-056,版本升级与回滚,/bao/page-066,按页面权限,完成“版本升级与回滚”相关的查看、处理与异常恢复,标题;筛选与搜索;内容区;状态反馈;主要操作;帮助与审计入口,查看;编辑或处理;确认;返回,默认;加载中;空数据;局部错误;无权限;停用;成功;可恢复失败,tenant;permission;business,P0,主任务可完成;异常可恢复;权限不越界;关键操作有反馈;事件已埋点,true
PAGE-067,乐趣宝,PC与移动H5,3,PAGE-047,GEO服务,,按子页面权限,承载下级页面和统一导航,导航;分组;权限提示,进入下级页面,默认;加载中;空数据;局部错误;无权限;停用;成功;可恢复失败,,P0,导航、路由和权限正确,false
PAGE-068,乐趣宝,PC与移动H5,4,PAGE-067,商家主档,/bao/page-068,按页面权限,完成“商家主档”相关的查看、处理与异常恢复,标题;筛选与搜索;内容区;状态反馈;主要操作;帮助与审计入口,查看;编辑或处理;确认;返回,默认;加载中;空数据;局部错误;无权限;停用;成功;可恢复失败,tenant;permission;business,P0,主任务可完成;异常可恢复;权限不越界;关键操作有反馈;事件已埋点,true
PAGE-069,乐趣宝,PC与移动H5,4,PAGE-067,渠道发布状态,/bao/page-069,商户管理员;商务,展示资料发布与可访问性，不承诺外部收录或排名,标题;筛选与搜索;内容区;状态反馈;主要操作;帮助与审计入口,授权;发布;验证;重试,默认;加载中;空数据;局部错误;无权限;停用;成功;可恢复失败,geo;adapter,P0,主任务可完成;异常可恢复;权限不越界;关键操作有反馈;事件已埋点,true
PAGE-070,乐趣宝,PC与移动H5,4,PAGE-067,一致性巡检,/bao/page-070,按页面权限,完成“一致性巡检”相关的查看、处理与异常恢复,标题;筛选与搜索;内容区;状态反馈;主要操作;帮助与审计入口,查看;编辑或处理;确认;返回,默认;加载中;空数据;局部错误;无权限;停用;成功;可恢复失败,tenant;permission;business,P0,主任务可完成;异常可恢复;权限不越界;关键操作有反馈;事件已埋点,true
PAGE-071,乐趣宝,PC与移动H5,3,PAGE-047,工作台开通,,按子页面权限,承载下级页面和统一导航,导航;分组;权限提示,进入下级页面,默认;加载中;空数据;局部错误;无权限;停用;成功;可恢复失败,,P0,导航、路由和权限正确,false
PAGE-072,乐趣宝,PC与移动H5,4,PAGE-071,组织与员工,/bao/page-072,商户管理员,完成“组织与员工”相关的查看、处理与异常恢复,标题;筛选与搜索;内容区;状态反馈;主要操作;帮助与审计入口,查看;编辑或处理;确认;返回,默认;加载中;空数据;局部错误;无权限;停用;成功;可恢复失败,tenant;permission;business,P0,主任务可完成;异常可恢复;权限不越界;关键操作有反馈;事件已埋点,true
PAGE-073,乐趣宝,PC与移动H5,4,PAGE-071,套餐权益,/bao/page-073,按页面权限,完成“套餐权益”相关的查看、处理与异常恢复,标题;筛选与搜索;内容区;状态反馈;主要操作;帮助与审计入口,查看;编辑或处理;确认;返回,默认;加载中;空数据;局部错误;无权限;停用;成功;可恢复失败,subscription;entitlement;usage;revenue-share,P0,主任务可完成;异常可恢复;权限不越界;关键操作有反馈;事件已埋点,true
PAGE-074,乐趣宝,PC与移动H5,3,PAGE-047,AI客服开通,,按子页面权限,承载下级页面和统一导航,导航;分组;权限提示,进入下级页面,默认;加载中;空数据;局部错误;无权限;停用;成功;可恢复失败,,P0,导航、路由和权限正确,false
PAGE-075,乐趣宝,PC与移动H5,4,PAGE-074,知识初始化,/bao/page-075,商户管理员,完成“知识初始化”相关的查看、处理与异常恢复,标题;筛选与搜索;内容区;状态反馈;主要操作;帮助与审计入口,查看;编辑或处理;确认;返回,默认;加载中;空数据;局部错误;无权限;停用;成功;可恢复失败,service;customer;knowledge,P0,主任务可完成;异常可恢复;权限不越界;关键操作有反馈;事件已埋点,true
PAGE-076,乐趣宝,PC与移动H5,4,PAGE-074,上线测试,/bao/page-076,按页面权限,完成“上线测试”相关的查看、处理与异常恢复,标题;筛选与搜索;内容区;状态反馈;主要操作;帮助与审计入口,查看;编辑或处理;确认;返回,默认;加载中;空数据;局部错误;无权限;停用;成功;可恢复失败,tenant;permission;business,P0,主任务可完成;异常可恢复;权限不越界;关键操作有反馈;事件已埋点,true
PAGE-077,乐趣宝,PC与移动H5,2,,门店经营,,按子页面权限,承载下级页面和统一导航,导航;分组;权限提示,进入下级页面,默认;加载中;空数据;局部错误;无权限;停用;成功;可恢复失败,,P0,导航、路由和权限正确,false
PAGE-078,乐趣宝,PC与移动H5,3,PAGE-077,经营总览,,按子页面权限,承载下级页面和统一导航,导航;分组;权限提示,进入下级页面,默认;加载中;空数据;局部错误;无权限;停用;成功;可恢复失败,,P0,导航、路由和权限正确,false
PAGE-079,乐趣宝,PC与移动H5,4,PAGE-078,今日经营,/bao/page-079,按页面权限,完成“今日经营”相关的查看、处理与异常恢复,标题;筛选与搜索;内容区;状态反馈;主要操作;帮助与审计入口,查看;编辑或处理;确认;返回,默认;加载中;空数据;局部错误;无权限;停用;成功;可恢复失败,tenant;permission;business,P0,主任务可完成;异常可恢复;权限不越界;关键操作有反馈;事件已埋点,true
PAGE-080,乐趣宝,PC与移动H5,3,PAGE-077,资料与知识,,按子页面权限,承载下级页面和统一导航,导航;分组;权限提示,进入下级页面,默认;加载中;空数据;局部错误;无权限;停用;成功;可恢复失败,,P0,导航、路由和权限正确,false
PAGE-081,乐趣宝,PC与移动H5,4,PAGE-080,资料对话,/bao/page-081,按页面权限,完成“资料对话”相关的查看、处理与异常恢复,标题;筛选与搜索;内容区;状态反馈;主要操作;帮助与审计入口,查看;编辑或处理;确认;返回,默认;加载中;空数据;局部错误;无权限;停用;成功;可恢复失败,tenant;permission;business,P0,主任务可完成;异常可恢复;权限不越界;关键操作有反馈;事件已埋点,true
PAGE-082,乐趣宝,PC与移动H5,4,PAGE-080,AI整理结果,/bao/page-082,按页面权限,完成“AI整理结果”相关的查看、处理与异常恢复,标题;筛选与搜索;内容区;状态反馈;主要操作;帮助与审计入口,查看;编辑或处理;确认;返回,默认;加载中;空数据;局部错误;无权限;停用;成功;可恢复失败,tenant;permission;business,P0,主任务可完成;异常可恢复;权限不越界;关键操作有反馈;事件已埋点,true
PAGE-083,乐趣宝,PC与移动H5,4,PAGE-080,待确认变更,/bao/page-083,按页面权限,完成“待确认变更”相关的查看、处理与异常恢复,标题;筛选与搜索;内容区;状态反馈;主要操作;帮助与审计入口,查看;编辑或处理;确认;返回,默认;加载中;空数据;局部错误;无权限;停用;成功;可恢复失败,tenant;permission;business,P0,主任务可完成;异常可恢复;权限不越界;关键操作有反馈;事件已埋点,true
PAGE-084,乐趣宝,PC与移动H5,4,PAGE-080,发布影响,/bao/page-084,按页面权限,完成“发布影响”相关的查看、处理与异常恢复,标题;筛选与搜索;内容区;状态反馈;主要操作;帮助与审计入口,查看;编辑或处理;确认;返回,默认;加载中;空数据;局部错误;无权限;停用;成功;可恢复失败,tenant;permission;business,P0,主任务可完成;异常可恢复;权限不越界;关键操作有反馈;事件已埋点,true
PAGE-085,乐趣宝,PC与移动H5,3,PAGE-077,商品与团购,,按子页面权限,承载下级页面和统一导航,导航;分组;权限提示,进入下级页面,默认;加载中;空数据;局部错误;无权限;停用;成功;可恢复失败,,P0,导航、路由和权限正确,false
PAGE-086,乐趣宝,PC与移动H5,4,PAGE-085,商品管理,/bao/page-086,按页面权限,完成“商品管理”相关的查看、处理与异常恢复,标题;筛选与搜索;内容区;状态反馈;主要操作;帮助与审计入口,查看;编辑或处理;确认;返回,默认;加载中;空数据;局部错误;无权限;停用;成功;可恢复失败,tenant;permission;business,P0,主任务可完成;异常可恢复;权限不越界;关键操作有反馈;事件已埋点,true
PAGE-087,乐趣宝,PC与移动H5,4,PAGE-085,团购管理,/bao/page-087,按页面权限,完成“团购管理”相关的查看、处理与异常恢复,标题;筛选与搜索;内容区;状态反馈;主要操作;帮助与审计入口,查看;编辑或处理;确认;返回,默认;加载中;空数据;局部错误;无权限;停用;成功;可恢复失败,tenant;permission;business,P0,主任务可完成;异常可恢复;权限不越界;关键操作有反馈;事件已埋点,true
PAGE-088,乐趣宝,PC与移动H5,4,PAGE-085,活动发布确认,/bao/page-088,按页面权限,完成“活动发布确认”相关的查看、处理与异常恢复,标题;筛选与搜索;内容区;状态反馈;主要操作;帮助与审计入口,查看;编辑或处理;确认;返回,默认;加载中;空数据;局部错误;无权限;停用;成功;可恢复失败,tenant;permission;business,P0,主任务可完成;异常可恢复;权限不越界;关键操作有反馈;事件已埋点,true
PAGE-089,乐趣宝,PC与移动H5,3,PAGE-077,订单履约,,按子页面权限,承载下级页面和统一导航,导航;分组;权限提示,进入下级页面,默认;加载中;空数据;局部错误;无权限;停用;成功;可恢复失败,,P0,导航、路由和权限正确,false
PAGE-090,乐趣宝,PC与移动H5,4,PAGE-089,订单列表,/bao/page-090,按页面权限,完成“订单列表”相关的查看、处理与异常恢复,标题;筛选与搜索;内容区;状态反馈;主要操作;帮助与审计入口,搜索;筛选;打开详情,默认;加载中;空数据;局部错误;无权限;停用;成功;可恢复失败,order;payment;fulfillment;aftersale,P0,主任务可完成;异常可恢复;权限不越界;关键操作有反馈;事件已埋点,true
PAGE-091,乐趣宝,PC与移动H5,4,PAGE-089,订单详情,/bao/page-091,按页面权限,完成“订单详情”相关的查看、处理与异常恢复,标题;筛选与搜索;内容区;状态反馈;主要操作;帮助与审计入口,查看;编辑或处理;确认;返回,默认;加载中;空数据;局部错误;无权限;停用;成功;可恢复失败,order;payment;fulfillment;aftersale,P0,主任务可完成;异常可恢复;权限不越界;关键操作有反馈;事件已埋点,true
PAGE-092,乐趣宝,PC与移动H5,5,PAGE-091,售后记录,/bao/page-092,按页面权限,完成“售后记录”相关的查看、处理与异常恢复,标题;筛选与搜索;内容区;状态反馈;主要操作;帮助与审计入口,查看;编辑或处理;确认;返回,默认;加载中;空数据;局部错误;无权限;停用;成功;可恢复失败,order;payment;fulfillment;aftersale,P0,主任务可完成;异常可恢复;权限不越界;关键操作有反馈;事件已埋点,true
PAGE-093,乐趣宝,PC与移动H5,6,PAGE-092,部分退款详情,/bao/page-093,按页面权限,完成“部分退款详情”相关的查看、处理与异常恢复,标题;筛选与搜索;内容区;状态反馈;主要操作;帮助与审计入口,查看;编辑或处理;确认;返回,默认;加载中;空数据;局部错误;无权限;停用;成功;可恢复失败,order;payment;fulfillment;aftersale,P0,主任务可完成;异常可恢复;权限不越界;关键操作有反馈;事件已埋点,true
PAGE-094,乐趣宝,PC与移动H5,4,PAGE-089,核销工作台,/bao/page-094,按页面权限,完成“核销工作台”相关的查看、处理与异常恢复,标题;筛选与搜索;内容区;状态反馈;主要操作;帮助与审计入口,查看;编辑或处理;确认;返回,默认;加载中;空数据;局部错误;无权限;停用;成功;可恢复失败,order;payment;fulfillment;aftersale,P0,主任务可完成;异常可恢复;权限不越界;关键操作有反馈;事件已埋点,true
PAGE-095,乐趣宝,PC与移动H5,4,PAGE-089,退款与售后,/bao/page-095,按页面权限,完成“退款与售后”相关的查看、处理与异常恢复,标题;筛选与搜索;内容区;状态反馈;主要操作;帮助与审计入口,查看;编辑或处理;确认;返回,默认;加载中;空数据;局部错误;无权限;停用;成功;可恢复失败,order;payment;fulfillment;aftersale,P0,主任务可完成;异常可恢复;权限不越界;关键操作有反馈;事件已埋点,true
PAGE-096,乐趣宝,PC与移动H5,4,PAGE-089,每日对账,/bao/page-096,财务或审计角色,完成“每日对账”相关的查看、处理与异常恢复,标题;筛选与搜索;内容区;状态反馈;主要操作;帮助与审计入口,查看;编辑或处理;确认;返回,默认;加载中;空数据;局部错误;无权限;停用;成功;可恢复失败,tenant;permission;business,P0,主任务可完成;异常可恢复;权限不越界;关键操作有反馈;事件已埋点,true
PAGE-097,乐趣宝,PC与移动H5,2,,AI客服与客户,,按子页面权限,承载下级页面和统一导航,导航;分组;权限提示,进入下级页面,默认;加载中;空数据;局部错误;无权限;停用;成功;可恢复失败,,P0,导航、路由和权限正确,false
PAGE-098,乐趣宝,PC与移动H5,3,PAGE-097,客服工作台,,按子页面权限,承载下级页面和统一导航,导航;分组;权限提示,进入下级页面,默认;加载中;空数据;局部错误;无权限;停用;成功;可恢复失败,,P0,导航、路由和权限正确,false
PAGE-099,乐趣宝,PC与移动H5,4,PAGE-098,会话队列,/bao/page-099,客服与店长,完成“会话队列”相关的查看、处理与异常恢复,标题;筛选与搜索;内容区;状态反馈;主要操作;帮助与审计入口,查看;编辑或处理;确认;返回,默认;加载中;空数据;局部错误;无权限;停用;成功;可恢复失败,service;customer;knowledge,P0,主任务可完成;异常可恢复;权限不越界;关键操作有反馈;事件已埋点,true
PAGE-100,乐趣宝,PC与移动H5,4,PAGE-098,会话详情,/bao/page-100,客服;店长,人工接管后回复顾客，AI停止对外自动回复,标题;筛选与搜索;内容区;状态反馈;主要操作;帮助与审计入口,认领;回复;转派;交还AI,默认;加载中;空数据;局部错误;无权限;停用;成功;可恢复失败,service-message;assignment,P0,主任务可完成;异常可恢复;权限不越界;关键操作有反馈;事件已埋点,true
PAGE-101,乐趣宝,PC与移动H5,5,PAGE-100,订单上下文,/bao/page-101,按页面权限,完成“订单上下文”相关的查看、处理与异常恢复,标题;筛选与搜索;内容区;状态反馈;主要操作;帮助与审计入口,查看;编辑或处理;确认;返回,默认;加载中;空数据;局部错误;无权限;停用;成功;可恢复失败,order;payment;fulfillment;aftersale,P0,主任务可完成;异常可恢复;权限不越界;关键操作有反馈;事件已埋点,true
PAGE-102,乐趣宝,PC与移动H5,6,PAGE-101,退款审批,/bao/page-102,按页面权限,完成“退款审批”相关的查看、处理与异常恢复,标题;筛选与搜索;内容区;状态反馈;主要操作;帮助与审计入口,查看;编辑或处理;确认;返回,默认;加载中;空数据;局部错误;无权限;停用;成功;可恢复失败,order;payment;fulfillment;aftersale,P0,主任务可完成;异常可恢复;权限不越界;关键操作有反馈;事件已埋点,true
PAGE-103,乐趣宝,PC与移动H5,4,PAGE-098,值班与分配,/bao/page-103,按页面权限,完成“值班与分配”相关的查看、处理与异常恢复,标题;筛选与搜索;内容区;状态反馈;主要操作;帮助与审计入口,查看;编辑或处理;确认;返回,默认;加载中;空数据;局部错误;无权限;停用;成功;可恢复失败,tenant;permission;business,P0,主任务可完成;异常可恢复;权限不越界;关键操作有反馈;事件已埋点,true
PAGE-104,乐趣宝,PC与移动H5,3,PAGE-097,客户档案,,按子页面权限,承载下级页面和统一导航,导航;分组;权限提示,进入下级页面,默认;加载中;空数据;局部错误;无权限;停用;成功;可恢复失败,,P0,导航、路由和权限正确,false
PAGE-105,乐趣宝,PC与移动H5,4,PAGE-104,客户列表,/bao/page-105,按页面权限,完成“客户列表”相关的查看、处理与异常恢复,标题;筛选与搜索;内容区;状态反馈;主要操作;帮助与审计入口,搜索;筛选;打开详情,默认;加载中;空数据;局部错误;无权限;停用;成功;可恢复失败,service;customer;knowledge,P0,主任务可完成;异常可恢复;权限不越界;关键操作有反馈;事件已埋点,true
PAGE-106,乐趣宝,PC与移动H5,4,PAGE-104,持续客户档案,/bao/page-106,店长;客服,查看本商户内的事实、服务记录和有来源的偏好摘要,标题;筛选与搜索;内容区;状态反馈;主要操作;帮助与审计入口,更正;删除申请;创建服务任务,默认;加载中;空数据;局部错误;无权限;停用;成功;可恢复失败,customer;memory;privacy,P0,主任务可完成;异常可恢复;权限不越界;关键操作有反馈;事件已埋点,true
PAGE-107,乐趣宝,PC与移动H5,4,PAGE-104,客户分组与任务,/bao/page-107,按页面权限,完成“客户分组与任务”相关的查看、处理与异常恢复,标题;筛选与搜索;内容区;状态反馈;主要操作;帮助与审计入口,查看;编辑或处理;确认;返回,默认;加载中;空数据;局部错误;无权限;停用;成功;可恢复失败,service;customer;knowledge,P0,主任务可完成;异常可恢复;权限不越界;关键操作有反馈;事件已埋点,true
PAGE-108,乐趣宝,PC与移动H5,3,PAGE-097,知识与质检,,按子页面权限,承载下级页面和统一导航,导航;分组;权限提示,进入下级页面,默认;加载中;空数据;局部错误;无权限;停用;成功;可恢复失败,,P0,导航、路由和权限正确,false
PAGE-109,乐趣宝,PC与移动H5,4,PAGE-108,知识库,/bao/page-109,商户管理员,完成“知识库”相关的查看、处理与异常恢复,标题;筛选与搜索;内容区;状态反馈;主要操作;帮助与审计入口,查看;编辑或处理;确认;返回,默认;加载中;空数据;局部错误;无权限;停用;成功;可恢复失败,service;customer;knowledge,P0,主任务可完成;异常可恢复;权限不越界;关键操作有反馈;事件已埋点,true
PAGE-110,乐趣宝,PC与移动H5,4,PAGE-108,客服质检,/bao/page-110,客服与店长,完成“客服质检”相关的查看、处理与异常恢复,标题;筛选与搜索;内容区;状态反馈;主要操作;帮助与审计入口,查看;编辑或处理;确认;返回,默认;加载中;空数据;局部错误;无权限;停用;成功;可恢复失败,service;customer;knowledge,P0,主任务可完成;异常可恢复;权限不越界;关键操作有反馈;事件已埋点,true
PAGE-111,乐趣宝,PC与移动H5,3,PAGE-097,企业微信连接,,按子页面权限,承载下级页面和统一导航,导航;分组;权限提示,进入下级页面,默认;加载中;空数据;局部错误;无权限;停用;成功;可恢复失败,,P0,导航、路由和权限正确,false
PAGE-112,乐趣宝,PC与移动H5,4,PAGE-111,组织授权,/bao/page-112,商户管理员,完成“组织授权”相关的查看、处理与异常恢复,标题;筛选与搜索;内容区;状态反馈;主要操作;帮助与审计入口,查看;编辑或处理;确认;返回,默认;加载中;空数据;局部错误;无权限;停用;成功;可恢复失败,tenant;permission;business,P0,主任务可完成;异常可恢复;权限不越界;关键操作有反馈;事件已埋点,true
PAGE-113,乐趣宝,PC与移动H5,4,PAGE-111,连接健康,/bao/page-113,按页面权限,完成“连接健康”相关的查看、处理与异常恢复,标题;筛选与搜索;内容区;状态反馈;主要操作;帮助与审计入口,查看;编辑或处理;确认;返回,默认;加载中;空数据;局部错误;无权限;停用;成功;可恢复失败,tenant;permission;business,P0,主任务可完成;异常可恢复;权限不越界;关键操作有反馈;事件已埋点,true
PAGE-114,乐趣宝,PC与移动H5,2,,会员与奖励,,按子页面权限,承载下级页面和统一导航,导航;分组;权限提示,进入下级页面,默认;加载中;空数据;局部错误;无权限;停用;成功;可恢复失败,,P0,导航、路由和权限正确,false
PAGE-115,乐趣宝,PC与移动H5,3,PAGE-114,会员管理,,按子页面权限,承载下级页面和统一导航,导航;分组;权限提示,进入下级页面,默认;加载中;空数据;局部错误;无权限;停用;成功;可恢复失败,,P0,导航、路由和权限正确,false
PAGE-116,乐趣宝,PC与移动H5,4,PAGE-115,会员列表,/bao/page-116,按页面权限,完成“会员列表”相关的查看、处理与异常恢复,标题;筛选与搜索;内容区;状态反馈;主要操作;帮助与审计入口,搜索;筛选;打开详情,默认;加载中;空数据;局部错误;无权限;停用;成功;可恢复失败,tenant;permission;business,P0,主任务可完成;异常可恢复;权限不越界;关键操作有反馈;事件已埋点,true
PAGE-117,乐趣宝,PC与移动H5,3,PAGE-114,消费奖励,,按子页面权限,承载下级页面和统一导航,导航;分组;权限提示,进入下级页面,默认;加载中;空数据;局部错误;无权限;停用;成功;可恢复失败,,P0,导航、路由和权限正确,false
PAGE-118,乐趣宝,PC与移动H5,4,PAGE-117,奖励规则,/bao/page-118,按页面权限,完成“奖励规则”相关的查看、处理与异常恢复,标题;筛选与搜索;内容区;状态反馈;主要操作;帮助与审计入口,查看;编辑或处理;确认;返回,默认;加载中;空数据;局部错误;无权限;停用;成功;可恢复失败,tenant;permission;business,P0,主任务可完成;异常可恢复;权限不越界;关键操作有反馈;事件已埋点,true
PAGE-119,乐趣宝,PC与移动H5,4,PAGE-117,奖励流水,/bao/page-119,商户财务,逐笔查看奖励生成、使用、过期与退款冲正,标题;筛选与搜索;内容区;状态反馈;主要操作;帮助与审计入口,查询;对账;申请导出,默认;加载中;空数据;局部错误;无权限;停用;成功;可恢复失败,reward-ledger,P0,主任务可完成;异常可恢复;权限不越界;关键操作有反馈;事件已埋点,true
PAGE-120,乐趣宝,PC与移动H5,2,,经营分析,,按子页面权限,承载下级页面和统一导航,导航;分组;权限提示,进入下级页面,默认;加载中;空数据;局部错误;无权限;停用;成功;可恢复失败,,P0,导航、路由和权限正确,false
PAGE-121,乐趣宝,PC与移动H5,3,PAGE-120,价值报告,,按子页面权限,承载下级页面和统一导航,导航;分组;权限提示,进入下级页面,默认;加载中;空数据;局部错误;无权限;停用;成功;可恢复失败,,P0,导航、路由和权限正确,false
PAGE-122,乐趣宝,PC与移动H5,4,PAGE-121,月度价值报告,/bao/page-122,商户老板;商务只读,展示可核对的接待、成交、交付、健康和额度数据,标题;筛选与搜索;内容区;状态反馈;主要操作;帮助与审计入口,分享;下载;查看统计口径,默认;加载中;空数据;局部错误;无权限;停用;成功;可恢复失败,analytics;report,P0,主任务可完成;异常可恢复;权限不越界;关键操作有反馈;事件已埋点,true
PAGE-123,乐趣宝,PC与移动H5,3,PAGE-120,经营分析,,按子页面权限,承载下级页面和统一导航,导航;分组;权限提示,进入下级页面,默认;加载中;空数据;局部错误;无权限;停用;成功;可恢复失败,,P0,导航、路由和权限正确,false
PAGE-124,乐趣宝,PC与移动H5,4,PAGE-123,销售与核销,/bao/page-124,按页面权限,完成“销售与核销”相关的查看、处理与异常恢复,标题;筛选与搜索;内容区;状态反馈;主要操作;帮助与审计入口,查看;编辑或处理;确认;返回,默认;加载中;空数据;局部错误;无权限;停用;成功;可恢复失败,order;payment;fulfillment;aftersale,P0,主任务可完成;异常可恢复;权限不越界;关键操作有反馈;事件已埋点,true
PAGE-125,乐趣宝,PC与移动H5,4,PAGE-123,客服与转化,/bao/page-125,客服与店长,完成“客服与转化”相关的查看、处理与异常恢复,标题;筛选与搜索;内容区;状态反馈;主要操作;帮助与审计入口,查看;编辑或处理;确认;返回,默认;加载中;空数据;局部错误;无权限;停用;成功;可恢复失败,service;customer;knowledge,P0,主任务可完成;异常可恢复;权限不越界;关键操作有反馈;事件已埋点,true
PAGE-126,乐趣宝,PC与移动H5,4,PAGE-123,GEO健康,/bao/page-126,按页面权限,完成“GEO健康”相关的查看、处理与异常恢复,标题;筛选与搜索;内容区;状态反馈;主要操作;帮助与审计入口,查看;编辑或处理;确认;返回,默认;加载中;空数据;局部错误;无权限;停用;成功;可恢复失败,geo;merchant-master,P0,主任务可完成;异常可恢复;权限不越界;关键操作有反馈;事件已埋点,true
PAGE-127,乐趣宝,PC与移动H5,2,,插件与技能,,按子页面权限,承载下级页面和统一导航,导航;分组;权限提示,进入下级页面,默认;加载中;空数据;局部错误;无权限;停用;成功;可恢复失败,,P0,导航、路由和权限正确,false
PAGE-128,乐趣宝,PC与移动H5,3,PAGE-127,插件中心,,按子页面权限,承载下级页面和统一导航,导航;分组;权限提示,进入下级页面,默认;加载中;空数据;局部错误;无权限;停用;成功;可恢复失败,,P0,导航、路由和权限正确,false
PAGE-129,乐趣宝,PC与移动H5,4,PAGE-128,插件目录,/bao/page-129,商户管理员,完成“插件目录”相关的查看、处理与异常恢复,标题;筛选与搜索;内容区;状态反馈;主要操作;帮助与审计入口,搜索;筛选;打开详情,默认;加载中;空数据;局部错误;无权限;停用;成功;可恢复失败,tenant;permission;business,P0,主任务可完成;异常可恢复;权限不越界;关键操作有反馈;事件已埋点,true
PAGE-130,乐趣宝,PC与移动H5,4,PAGE-128,插件详情,/bao/page-130,商户管理员,完成“插件详情”相关的查看、处理与异常恢复,标题;筛选与搜索;内容区;状态反馈;主要操作;帮助与审计入口,查看;编辑或处理;确认;返回,默认;加载中;空数据;局部错误;无权限;停用;成功;可恢复失败,tenant;permission;business,P0,主任务可完成;异常可恢复;权限不越界;关键操作有反馈;事件已埋点,true
PAGE-131,乐趣宝,PC与移动H5,3,PAGE-127,技能中心,,按子页面权限,承载下级页面和统一导航,导航;分组;权限提示,进入下级页面,默认;加载中;空数据;局部错误;无权限;停用;成功;可恢复失败,,P0,导航、路由和权限正确,false
PAGE-132,乐趣宝,PC与移动H5,4,PAGE-131,技能目录,/bao/page-132,按页面权限,完成“技能目录”相关的查看、处理与异常恢复,标题;筛选与搜索;内容区;状态反馈;主要操作;帮助与审计入口,搜索;筛选;打开详情,默认;加载中;空数据;局部错误;无权限;停用;成功;可恢复失败,tenant;permission;business,P0,主任务可完成;异常可恢复;权限不越界;关键操作有反馈;事件已埋点,true
PAGE-133,乐趣宝,PC与移动H5,3,PAGE-127,开发者提交,,按子页面权限,承载下级页面和统一导航,导航;分组;权限提示,进入下级页面,默认;加载中;空数据;局部错误;无权限;停用;成功;可恢复失败,,P0,导航、路由和权限正确,false
PAGE-134,乐趣宝,PC与移动H5,4,PAGE-133,提交审核,/bao/page-134,按页面权限,完成“提交审核”相关的查看、处理与异常恢复,标题;筛选与搜索;内容区;状态反馈;主要操作;帮助与审计入口,查看;编辑或处理;确认;返回,默认;加载中;空数据;局部错误;无权限;停用;成功;可恢复失败,miniapp;wechat-open;release,P0,主任务可完成;异常可恢复;权限不越界;关键操作有反馈;事件已埋点,true
PAGE-135,乐趣宝,PC与移动H5,2,,套餐与设置,,按子页面权限,承载下级页面和统一导航,导航;分组;权限提示,进入下级页面,默认;加载中;空数据;局部错误;无权限;停用;成功;可恢复失败,,P0,导航、路由和权限正确,false
PAGE-136,乐趣宝,PC与移动H5,3,PAGE-135,套餐用量,,按子页面权限,承载下级页面和统一导航,导航;分组;权限提示,进入下级页面,默认;加载中;空数据;局部错误;无权限;停用;成功;可恢复失败,,P0,导航、路由和权限正确,false
PAGE-137,乐趣宝,PC与移动H5,4,PAGE-136,当前套餐,/bao/page-137,按页面权限,完成“当前套餐”相关的查看、处理与异常恢复,标题;筛选与搜索;内容区;状态反馈;主要操作;帮助与审计入口,查看;编辑或处理;确认;返回,默认;加载中;空数据;局部错误;无权限;停用;成功;可恢复失败,subscription;entitlement;usage;revenue-share,P0,主任务可完成;异常可恢复;权限不越界;关键操作有反馈;事件已埋点,true
PAGE-138,乐趣宝,PC与移动H5,4,PAGE-136,AI服务用量,/bao/page-138,按页面权限,完成“AI服务用量”相关的查看、处理与异常恢复,标题;筛选与搜索;内容区;状态反馈;主要操作;帮助与审计入口,查看;编辑或处理;确认;返回,默认;加载中;空数据;局部错误;无权限;停用;成功;可恢复失败,subscription;entitlement;usage;revenue-share,P0,主任务可完成;异常可恢复;权限不越界;关键操作有反馈;事件已埋点,true
PAGE-139,乐趣宝,PC与移动H5,3,PAGE-135,组织权限,,按子页面权限,承载下级页面和统一导航,导航;分组;权限提示,进入下级页面,默认;加载中;空数据;局部错误;无权限;停用;成功;可恢复失败,,P0,导航、路由和权限正确,false
PAGE-140,乐趣宝,PC与移动H5,4,PAGE-139,员工与角色,/bao/page-140,商户管理员,完成“员工与角色”相关的查看、处理与异常恢复,标题;筛选与搜索;内容区;状态反馈;主要操作;帮助与审计入口,查看;编辑或处理;确认;返回,默认;加载中;空数据;局部错误;无权限;停用;成功;可恢复失败,tenant;permission;business,P0,主任务可完成;异常可恢复;权限不越界;关键操作有反馈;事件已埋点,true
PAGE-141,乐趣宝,PC与移动H5,4,PAGE-139,审计记录,/bao/page-141,财务或审计角色,完成“审计记录”相关的查看、处理与异常恢复,标题;筛选与搜索;内容区;状态反馈;主要操作;帮助与审计入口,查看;编辑或处理;确认;返回,默认;加载中;空数据;局部错误;无权限;停用;成功;可恢复失败,tenant;permission;business,P0,主任务可完成;异常可恢复;权限不越界;关键操作有反馈;事件已埋点,true
PAGE-142,乐趣宝,PC与移动H5,3,PAGE-135,数据与隐私,,按子页面权限,承载下级页面和统一导航,导航;分组;权限提示,进入下级页面,默认;加载中;空数据;局部错误;无权限;停用;成功;可恢复失败,,P0,导航、路由和权限正确,false
PAGE-143,乐趣宝,PC与移动H5,4,PAGE-142,数据导出与删除,/bao/page-143,按页面权限,完成“数据导出与删除”相关的查看、处理与异常恢复,标题;筛选与搜索;内容区;状态反馈;主要操作;帮助与审计入口,查看;编辑或处理;确认;返回,默认;加载中;空数据;局部错误;无权限;停用;成功;可恢复失败,tenant;permission;business,P0,主任务可完成;异常可恢复;权限不越界;关键操作有反馈;事件已埋点,true
PAGE-144,乐趣宝,PC与移动H5,3,PAGE-135,退订与迁移,,按子页面权限,承载下级页面和统一导航,导航;分组;权限提示,进入下级页面,默认;加载中;空数据;局部错误;无权限;停用;成功;可恢复失败,,P0,导航、路由和权限正确,false
PAGE-145,乐趣宝,PC与移动H5,4,PAGE-144,退订处理,/bao/page-145,按页面权限,完成“退订处理”相关的查看、处理与异常恢复,标题;筛选与搜索;内容区;状态反馈;主要操作;帮助与审计入口,查看;编辑或处理;确认;返回,默认;加载中;空数据;局部错误;无权限;停用;成功;可恢复失败,tenant;permission;business,P0,主任务可完成;异常可恢复;权限不越界;关键操作有反馈;事件已埋点,true
PAGE-146,乐趣宝,PC与移动H5,2,,平台控制台,,按子页面权限,承载下级页面和统一导航,导航;分组;权限提示,进入下级页面,默认;加载中;空数据;局部错误;无权限;停用;成功;可恢复失败,,P0,导航、路由和权限正确,false
PAGE-147,乐趣宝,PC与移动H5,3,PAGE-146,商户运营,,按子页面权限,承载下级页面和统一导航,导航;分组;权限提示,进入下级页面,默认;加载中;空数据;局部错误;无权限;停用;成功;可恢复失败,,P0,导航、路由和权限正确,false
PAGE-148,乐趣宝,PC与移动H5,4,PAGE-147,商户列表,/bao/page-148,按页面权限,完成“商户列表”相关的查看、处理与异常恢复,标题;筛选与搜索;内容区;状态反馈;主要操作;帮助与审计入口,搜索;筛选;打开详情,默认;加载中;空数据;局部错误;无权限;停用;成功;可恢复失败,tenant;permission;business,P0,主任务可完成;异常可恢复;权限不越界;关键操作有反馈;事件已埋点,true
PAGE-149,乐趣宝,PC与移动H5,4,PAGE-147,异常中心,/bao/page-149,总部授权角色,完成“异常中心”相关的查看、处理与异常恢复,标题;筛选与搜索;内容区;状态反馈;主要操作;帮助与审计入口,查看;编辑或处理;确认;返回,默认;加载中;空数据;局部错误;无权限;停用;成功;可恢复失败,tenant;permission;business,P0,主任务可完成;异常可恢复;权限不越界;关键操作有反馈;事件已埋点,true
PAGE-150,乐趣宝,PC与移动H5,3,PAGE-146,套餐计费,,按子页面权限,承载下级页面和统一导航,导航;分组;权限提示,进入下级页面,默认;加载中;空数据;局部错误;无权限;停用;成功;可恢复失败,,P0,导航、路由和权限正确,false
PAGE-151,乐趣宝,PC与移动H5,4,PAGE-150,权益配置,/bao/page-151,总部授权角色,完成“权益配置”相关的查看、处理与异常恢复,标题;筛选与搜索;内容区;状态反馈;主要操作;帮助与审计入口,查看;编辑或处理;确认;返回,默认;加载中;空数据;局部错误;无权限;停用;成功;可恢复失败,subscription;entitlement;usage;revenue-share,P0,主任务可完成;异常可恢复;权限不越界;关键操作有反馈;事件已埋点,true
PAGE-152,乐趣宝,PC与移动H5,4,PAGE-150,订阅与收益结算,/bao/page-152,总部财务,按实际到账、直接成本和规则版本计算三方收益,标题;筛选与搜索;内容区;状态反馈;主要操作;帮助与审计入口,对账;锁定;结算;冲回,默认;加载中;空数据;局部错误;无权限;停用;成功;可恢复失败,subscription-ledger;revenue-share,P0,主任务可完成;异常可恢复;权限不越界;关键操作有反馈;事件已埋点,true
PAGE-153,乐趣宝,PC与移动H5,3,PAGE-146,收益规则,,按子页面权限,承载下级页面和统一导航,导航;分组;权限提示,进入下级页面,默认;加载中;空数据;局部错误;无权限;停用;成功;可恢复失败,,P0,导航、路由和权限正确,false
PAGE-154,乐趣宝,PC与移动H5,4,PAGE-153,永久收益权台账,/bao/page-154,财务或审计角色,完成“永久收益权台账”相关的查看、处理与异常恢复,标题;筛选与搜索;内容区;状态反馈;主要操作;帮助与审计入口,查看;编辑或处理;确认;返回,默认;加载中;空数据;局部错误;无权限;停用;成功;可恢复失败,subscription;entitlement;usage;revenue-share,P0,主任务可完成;异常可恢复;权限不越界;关键操作有反馈;事件已埋点,true
PAGE-155,乐趣宝,PC与移动H5,4,PAGE-153,分配规则版本,/bao/page-155,按页面权限,完成“分配规则版本”相关的查看、处理与异常恢复,标题;筛选与搜索;内容区;状态反馈;主要操作;帮助与审计入口,查看;编辑或处理;确认;返回,默认;加载中;空数据;局部错误;无权限;停用;成功;可恢复失败,tenant;permission;business,P0,主任务可完成;异常可恢复;权限不越界;关键操作有反馈;事件已埋点,true
PAGE-156,乐趣宝,PC与移动H5,4,PAGE-153,成本目录,/bao/page-156,财务或审计角色,完成“成本目录”相关的查看、处理与异常恢复,标题;筛选与搜索;内容区;状态反馈;主要操作;帮助与审计入口,搜索;筛选;打开详情,默认;加载中;空数据;局部错误;无权限;停用;成功;可恢复失败,subscription;entitlement;usage;revenue-share,P0,主任务可完成;异常可恢复;权限不越界;关键操作有反馈;事件已埋点,true
PAGE-157,乐趣宝,PC与移动H5,4,PAGE-153,月结批次,/bao/page-157,按页面权限,完成“月结批次”相关的查看、处理与异常恢复,标题;筛选与搜索;内容区;状态反馈;主要操作;帮助与审计入口,查看;编辑或处理;确认;返回,默认;加载中;空数据;局部错误;无权限;停用;成功;可恢复失败,tenant;permission;business,P0,主任务可完成;异常可恢复;权限不越界;关键操作有反馈;事件已埋点,true
PAGE-158,乐趣宝,PC与移动H5,5,PAGE-157,差异处理,/bao/page-158,按页面权限,完成“差异处理”相关的查看、处理与异常恢复,标题;筛选与搜索;内容区;状态反馈;主要操作;帮助与审计入口,查看;编辑或处理;确认;返回,默认;加载中;空数据;局部错误;无权限;停用;成功;可恢复失败,tenant;permission;business,P0,主任务可完成;异常可恢复;权限不越界;关键操作有反馈;事件已埋点,true
PAGE-159,乐趣宝,PC与移动H5,4,PAGE-153,算力包净利润,/bao/page-159,按页面权限,完成“算力包净利润”相关的查看、处理与异常恢复,标题;筛选与搜索;内容区;状态反馈;主要操作;帮助与审计入口,查看;编辑或处理;确认;返回,默认;加载中;空数据;局部错误;无权限;停用;成功;可恢复失败,tenant;permission;business,P0,主任务可完成;异常可恢复;权限不越界;关键操作有反馈;事件已埋点,true
PAGE-160,乐趣宝,PC与移动H5,4,PAGE-153,收益转让审批,/bao/page-160,财务或审计角色,完成“收益转让审批”相关的查看、处理与异常恢复,标题;筛选与搜索;内容区;状态反馈;主要操作;帮助与审计入口,查看;编辑或处理;确认;返回,默认;加载中;空数据;局部错误;无权限;停用;成功;可恢复失败,subscription;entitlement;usage;revenue-share,P0,主任务可完成;异常可恢复;权限不越界;关键操作有反馈;事件已埋点,true
PAGE-161,乐趣宝,PC与移动H5,3,PAGE-146,渠道伙伴,,按子页面权限,承载下级页面和统一导航,导航;分组;权限提示,进入下级页面,默认;加载中;空数据;局部错误;无权限;停用;成功;可恢复失败,,P0,导航、路由和权限正确,false
PAGE-162,乐趣宝,PC与移动H5,4,PAGE-161,伙伴与区域,/bao/page-162,按页面权限,完成“伙伴与区域”相关的查看、处理与异常恢复,标题;筛选与搜索;内容区;状态反馈;主要操作;帮助与审计入口,查看;编辑或处理;确认;返回,默认;加载中;空数据;局部错误;无权限;停用;成功;可恢复失败,tenant;permission;business,P0,主任务可完成;异常可恢复;权限不越界;关键操作有反馈;事件已埋点,true
PAGE-163,乐趣宝,PC与移动H5,3,PAGE-146,插件治理,,按子页面权限,承载下级页面和统一导航,导航;分组;权限提示,进入下级页面,默认;加载中;空数据;局部错误;无权限;停用;成功;可恢复失败,,P0,导航、路由和权限正确,false
PAGE-164,乐趣宝,PC与移动H5,4,PAGE-163,审核与熔断,/bao/page-164,按页面权限,完成“审核与熔断”相关的查看、处理与异常恢复,标题;筛选与搜索;内容区;状态反馈;主要操作;帮助与审计入口,查看;编辑或处理;确认;返回,默认;加载中;空数据;局部错误;无权限;停用;成功;可恢复失败,miniapp;wechat-open;release,P0,主任务可完成;异常可恢复;权限不越界;关键操作有反馈;事件已埋点,true
PAGE-165,乐趣宝,PC与移动H5,3,PAGE-146,模型与任务,,按子页面权限,承载下级页面和统一导航,导航;分组;权限提示,进入下级页面,默认;加载中;空数据;局部错误;无权限;停用;成功;可恢复失败,,P0,导航、路由和权限正确,false
PAGE-166,乐趣宝,PC与移动H5,4,PAGE-165,模型路由与预算,/bao/page-166,总部授权角色,完成“模型路由与预算”相关的查看、处理与异常恢复,标题;筛选与搜索;内容区;状态反馈;主要操作;帮助与审计入口,查看;编辑或处理;确认;返回,默认;加载中;空数据;局部错误;无权限;停用;成功;可恢复失败,tenant;permission;business,P0,主任务可完成;异常可恢复;权限不越界;关键操作有反馈;事件已埋点,true
PAGE-167,乐趣宝,PC与移动H5,4,PAGE-165,任务与失败队列,/bao/page-167,按页面权限,完成“任务与失败队列”相关的查看、处理与异常恢复,标题;筛选与搜索;内容区;状态反馈;主要操作;帮助与审计入口,查看;编辑或处理;确认;返回,默认;加载中;空数据;局部错误;无权限;停用;成功;可恢复失败,tenant;permission;business,P0,主任务可完成;异常可恢复;权限不越界;关键操作有反馈;事件已埋点,true
PAGE-168,乐趣宝,PC与移动H5,3,PAGE-146,安全与审计,,按子页面权限,承载下级页面和统一导航,导航;分组;权限提示,进入下级页面,默认;加载中;空数据;局部错误;无权限;停用;成功;可恢复失败,,P0,导航、路由和权限正确,false
PAGE-169,乐趣宝,PC与移动H5,4,PAGE-168,临时支持授权,/bao/page-169,商户管理员,完成“临时支持授权”相关的查看、处理与异常恢复,标题;筛选与搜索;内容区;状态反馈;主要操作;帮助与审计入口,查看;编辑或处理;确认;返回,默认;加载中;空数据;局部错误;无权限;停用;成功;可恢复失败,tenant;permission;business,P0,主任务可完成;异常可恢复;权限不越界;关键操作有反馈;事件已埋点,true
PAGE-170,乐趣宝,PC与移动H5,4,PAGE-168,全局审计,/bao/page-170,总部授权角色,完成“全局审计”相关的查看、处理与异常恢复,标题;筛选与搜索;内容区;状态反馈;主要操作;帮助与审计入口,查看;编辑或处理;确认;返回,默认;加载中;空数据;局部错误;无权限;停用;成功;可恢复失败,tenant;permission;business,P0,主任务可完成;异常可恢复;权限不越界;关键操作有反馈;事件已埋点,true
PAGE-171,乐趣宝,移动端H5,2,,移动工作台,,按子页面权限,承载下级页面和统一导航,导航;分组;权限提示,进入下级页面,默认;加载中;空数据;局部错误;无权限;停用;成功;可恢复失败,,P0,导航、路由和权限正确,false
PAGE-172,乐趣宝,移动端H5,3,PAGE-171,首页,,按子页面权限,承载下级页面和统一导航,导航;分组;权限提示,进入下级页面,默认;加载中;空数据;局部错误;无权限;停用;成功;可恢复失败,,P0,导航、路由和权限正确,false
PAGE-173,乐趣宝,移动端H5,4,PAGE-172,今日待办,/bao/page-173,按页面权限,完成“今日待办”相关的查看、处理与异常恢复,标题;筛选与搜索;内容区;状态反馈;主要操作;帮助与审计入口,查看;编辑或处理;确认;返回,默认;加载中;空数据;局部错误;无权限;停用;成功;可恢复失败,tenant;permission;business,P0,主任务可完成;异常可恢复;权限不越界;关键操作有反馈;事件已埋点,true
PAGE-174,乐趣宝,移动端H5,3,PAGE-171,AI建档,,按子页面权限,承载下级页面和统一导航,导航;分组;权限提示,进入下级页面,默认;加载中;空数据;局部错误;无权限;停用;成功;可恢复失败,,P0,导航、路由和权限正确,false
PAGE-175,乐趣宝,移动端H5,4,PAGE-174,对话建档,/bao/page-175,商务;商户管理员,通过文字、图片、文件和语音完成商家资料整理,标题;筛选与搜索;内容区;状态反馈;主要操作;帮助与审计入口,拍照;发送文件;发送语音;确认,默认;加载中;空数据;局部错误;无权限;停用;成功;可恢复失败,merchant-intake;agent;attachment,P0,主任务可完成;异常可恢复;权限不越界;关键操作有反馈;事件已埋点,true
PAGE-176,乐趣宝,移动端H5,4,PAGE-174,拍照与文件,/bao/page-176,按页面权限,完成“拍照与文件”相关的查看、处理与异常恢复,标题;筛选与搜索;内容区;状态反馈;主要操作;帮助与审计入口,查看;编辑或处理;确认;返回,默认;加载中;空数据;局部错误;无权限;停用;成功;可恢复失败,tenant;permission;business,P0,主任务可完成;异常可恢复;权限不越界;关键操作有反馈;事件已埋点,true
PAGE-177,乐趣宝,移动端H5,4,PAGE-174,语音补充,/bao/page-177,按页面权限,完成“语音补充”相关的查看、处理与异常恢复,标题;筛选与搜索;内容区;状态反馈;主要操作;帮助与审计入口,查看;编辑或处理;确认;返回,默认;加载中;空数据;局部错误;无权限;停用;成功;可恢复失败,tenant;permission;business,P0,主任务可完成;异常可恢复;权限不越界;关键操作有反馈;事件已埋点,true
PAGE-178,乐趣宝,移动端H5,4,PAGE-174,识别确认,/bao/page-178,商务;商户管理员,核对AI提取字段、缺项、冲突和发布影响,标题;筛选与搜索;内容区;状态反馈;主要操作;帮助与审计入口,更正;确认;继续,默认;加载中;空数据;局部错误;无权限;停用;成功;可恢复失败,merchant-intake;confirmation,P0,主任务可完成;异常可恢复;权限不越界;关键操作有反馈;事件已埋点,true
PAGE-179,乐趣宝,移动端H5,3,PAGE-171,商务交付,,按子页面权限,承载下级页面和统一导航,导航;分组;权限提示,进入下级页面,默认;加载中;空数据;局部错误;无权限;停用;成功;可恢复失败,,P0,导航、路由和权限正确,false
PAGE-180,乐趣宝,移动端H5,4,PAGE-179,交付进度,/bao/page-180,商务与区县合作伙伴,完成“交付进度”相关的查看、处理与异常恢复,标题;筛选与搜索;内容区;状态反馈;主要操作;帮助与审计入口,查看;编辑或处理;确认;返回,默认;加载中;空数据;局部错误;无权限;停用;成功;可恢复失败,tenant;permission;business,P0,主任务可完成;异常可恢复;权限不越界;关键操作有反馈;事件已埋点,true
PAGE-181,乐趣宝,移动端H5,4,PAGE-179,商户确认协助,/bao/page-181,按页面权限,完成“商户确认协助”相关的查看、处理与异常恢复,标题;筛选与搜索;内容区;状态反馈;主要操作;帮助与审计入口,查看;编辑或处理;确认;返回,默认;加载中;空数据;局部错误;无权限;停用;成功;可恢复失败,tenant;permission;business,P0,主任务可完成;异常可恢复;权限不越界;关键操作有反馈;事件已埋点,true
PAGE-182,乐趣宝,移动端H5,3,PAGE-171,商务收益,,按子页面权限,承载下级页面和统一导航,导航;分组;权限提示,进入下级页面,默认;加载中;空数据;局部错误;无权限;停用;成功;可恢复失败,,P0,导航、路由和权限正确,false
PAGE-183,乐趣宝,移动端H5,4,PAGE-182,收益总览,/bao/page-183,财务或审计角色,完成“收益总览”相关的查看、处理与异常恢复,标题;筛选与搜索;内容区;状态反馈;主要操作;帮助与审计入口,查看;编辑或处理;确认;返回,默认;加载中;空数据;局部错误;无权限;停用;成功;可恢复失败,subscription;entitlement;usage;revenue-share,P0,主任务可完成;异常可恢复;权限不越界;关键操作有反馈;事件已埋点,true
PAGE-184,乐趣宝,移动端H5,4,PAGE-182,商户收益,/bao/page-184,财务或审计角色,完成“商户收益”相关的查看、处理与异常恢复,标题;筛选与搜索;内容区;状态反馈;主要操作;帮助与审计入口,查看;编辑或处理;确认;返回,默认;加载中;空数据;局部错误;无权限;停用;成功;可恢复失败,subscription;entitlement;usage;revenue-share,P0,主任务可完成;异常可恢复;权限不越界;关键操作有反馈;事件已埋点,true
PAGE-185,乐趣宝,移动端H5,4,PAGE-182,成本明细,/bao/page-185,财务或审计角色,完成“成本明细”相关的查看、处理与异常恢复,标题;筛选与搜索;内容区;状态反馈;主要操作;帮助与审计入口,查看;编辑或处理;确认;返回,默认;加载中;空数据;局部错误;无权限;停用;成功;可恢复失败,subscription;entitlement;usage;revenue-share,P0,主任务可完成;异常可恢复;权限不越界;关键操作有反馈;事件已埋点,true
PAGE-186,乐趣宝,移动端H5,3,PAGE-171,客服,,按子页面权限,承载下级页面和统一导航,导航;分组;权限提示,进入下级页面,默认;加载中;空数据;局部错误;无权限;停用;成功;可恢复失败,,P0,导航、路由和权限正确,false
PAGE-187,乐趣宝,移动端H5,4,PAGE-186,待接管会话,/bao/page-187,客服与店长,完成“待接管会话”相关的查看、处理与异常恢复,标题;筛选与搜索;内容区;状态反馈;主要操作;帮助与审计入口,查看;编辑或处理;确认;返回,默认;加载中;空数据;局部错误;无权限;停用;成功;可恢复失败,service;customer;knowledge,P0,主任务可完成;异常可恢复;权限不越界;关键操作有反馈;事件已埋点,true
PAGE-188,乐趣宝,移动端H5,4,PAGE-186,人工会话,/bao/page-188,客服与店长,完成“人工会话”相关的查看、处理与异常恢复,标题;筛选与搜索;内容区;状态反馈;主要操作;帮助与审计入口,查看;编辑或处理;确认;返回,默认;加载中;空数据;局部错误;无权限;停用;成功;可恢复失败,service;customer;knowledge,P0,主任务可完成;异常可恢复;权限不越界;关键操作有反馈;事件已埋点,true
PAGE-189,乐趣宝,移动端H5,4,PAGE-186,客户档案摘要,/bao/page-189,按页面权限,完成“客户档案摘要”相关的查看、处理与异常恢复,标题;筛选与搜索;内容区;状态反馈;主要操作;帮助与审计入口,查看;编辑或处理;确认;返回,默认;加载中;空数据;局部错误;无权限;停用;成功;可恢复失败,service;customer;knowledge,P0,主任务可完成;异常可恢复;权限不越界;关键操作有反馈;事件已埋点,true
PAGE-190,乐趣宝,移动端H5,3,PAGE-171,核销,,按子页面权限,承载下级页面和统一导航,导航;分组;权限提示,进入下级页面,默认;加载中;空数据;局部错误;无权限;停用;成功;可恢复失败,,P0,导航、路由和权限正确,false
PAGE-191,乐趣宝,移动端H5,4,PAGE-190,扫码核销,/bao/page-191,按页面权限,完成“扫码核销”相关的查看、处理与异常恢复,标题;筛选与搜索;内容区;状态反馈;主要操作;帮助与审计入口,查看;编辑或处理;确认;返回,默认;加载中;空数据;局部错误;无权限;停用;成功;可恢复失败,order;payment;fulfillment;aftersale,P0,主任务可完成;异常可恢复;权限不越界;关键操作有反馈;事件已埋点,true
PAGE-192,乐趣宝,移动端H5,3,PAGE-171,消息,,按子页面权限,承载下级页面和统一导航,导航;分组;权限提示,进入下级页面,默认;加载中;空数据;局部错误;无权限;停用;成功;可恢复失败,,P0,导航、路由和权限正确,false
PAGE-193,乐趣宝,移动端H5,4,PAGE-192,内部通知,/bao/page-193,按页面权限,完成“内部通知”相关的查看、处理与异常恢复,标题;筛选与搜索;内容区;状态反馈;主要操作;帮助与审计入口,查看;编辑或处理;确认;返回,默认;加载中;空数据;局部错误;无权限;停用;成功;可恢复失败,tenant;permission;business,P0,主任务可完成;异常可恢复;权限不越界;关键操作有反馈;事件已埋点,true
PAGE-194,乐趣宝,移动端H5,3,PAGE-171,我的,,按子页面权限,承载下级页面和统一导航,导航;分组;权限提示,进入下级页面,默认;加载中;空数据;局部错误;无权限;停用;成功;可恢复失败,,P0,导航、路由和权限正确,false
PAGE-195,乐趣宝,移动端H5,4,PAGE-194,身份与权限,/bao/page-195,按页面权限,完成“身份与权限”相关的查看、处理与异常恢复,标题;筛选与搜索;内容区;状态反馈;主要操作;帮助与审计入口,查看;编辑或处理;确认;返回,默认;加载中;空数据;局部错误;无权限;停用;成功;可恢复失败,tenant;permission;business,P0,主任务可完成;异常可恢复;权限不越界;关键操作有反馈;事件已埋点,true
PAGE-196,乐趣生活,微信小程序,2,,生活,,按子页面权限,承载下级页面和统一导航,导航;分组;权限提示,进入下级页面,默认;加载中;空数据;局部错误;无权限;停用;成功;可恢复失败,,P0,导航、路由和权限正确,false
PAGE-197,乐趣生活,微信小程序,3,PAGE-196,首页,,按子页面权限,承载下级页面和统一导航,导航;分组;权限提示,进入下级页面,默认;加载中;空数据;局部错误;无权限;停用;成功;可恢复失败,,P0,导航、路由和权限正确,false
PAGE-198,乐趣生活,微信小程序,4,PAGE-197,城市与推荐,/life/page-198,按页面权限,完成“城市与推荐”相关的查看、处理与异常恢复,标题;筛选与搜索;内容区;状态反馈;主要操作;帮助与审计入口,查看;编辑或处理;确认;返回,默认;加载中;空数据;局部错误;无权限;停用;成功;可恢复失败,tenant;permission;business,P0,主任务可完成;异常可恢复;权限不越界;关键操作有反馈;事件已埋点,true
PAGE-199,乐趣生活,微信小程序,3,PAGE-196,分类,,按子页面权限,承载下级页面和统一导航,导航;分组;权限提示,进入下级页面,默认;加载中;空数据;局部错误;无权限;停用;成功;可恢复失败,,P0,导航、路由和权限正确,false
PAGE-200,乐趣生活,微信小程序,4,PAGE-199,一级分类,/life/page-200,按页面权限,完成“一级分类”相关的查看、处理与异常恢复,标题;筛选与搜索;内容区;状态反馈;主要操作;帮助与审计入口,查看;编辑或处理;确认;返回,默认;加载中;空数据;局部错误;无权限;停用;成功;可恢复失败,tenant;permission;business,P0,主任务可完成;异常可恢复;权限不越界;关键操作有反馈;事件已埋点,true
PAGE-201,乐趣生活,微信小程序,4,PAGE-199,分类商品列表,/life/page-201,按页面权限,完成“分类商品列表”相关的查看、处理与异常恢复,标题;筛选与搜索;内容区;状态反馈;主要操作;帮助与审计入口,搜索;筛选;打开详情,默认;加载中;空数据;局部错误;无权限;停用;成功;可恢复失败,tenant;permission;business,P0,主任务可完成;异常可恢复;权限不越界;关键操作有反馈;事件已埋点,true
PAGE-202,乐趣生活,微信小程序,3,PAGE-196,搜索,,按子页面权限,承载下级页面和统一导航,导航;分组;权限提示,进入下级页面,默认;加载中;空数据;局部错误;无权限;停用;成功;可恢复失败,,P0,导航、路由和权限正确,false
PAGE-203,乐趣生活,微信小程序,4,PAGE-202,综合搜索,/life/page-203,按页面权限,完成“综合搜索”相关的查看、处理与异常恢复,标题;筛选与搜索;内容区;状态反馈;主要操作;帮助与审计入口,搜索;筛选;打开详情,默认;加载中;空数据;局部错误;无权限;停用;成功;可恢复失败,tenant;permission;business,P0,主任务可完成;异常可恢复;权限不越界;关键操作有反馈;事件已埋点,true
PAGE-204,乐趣生活,微信小程序,4,PAGE-202,搜索结果,/life/page-204,按页面权限,完成“搜索结果”相关的查看、处理与异常恢复,标题;筛选与搜索;内容区;状态反馈;主要操作;帮助与审计入口,搜索;筛选;打开详情,默认;加载中;空数据;局部错误;无权限;停用;成功;可恢复失败,tenant;permission;business,P0,主任务可完成;异常可恢复;权限不越界;关键操作有反馈;事件已埋点,true
PAGE-205,乐趣生活,微信小程序,2,,商城,,按子页面权限,承载下级页面和统一导航,导航;分组;权限提示,进入下级页面,默认;加载中;空数据;局部错误;无权限;停用;成功;可恢复失败,,P0,导航、路由和权限正确,false
PAGE-206,乐趣生活,微信小程序,3,PAGE-205,首页,,按子页面权限,承载下级页面和统一导航,导航;分组;权限提示,进入下级页面,默认;加载中;空数据;局部错误;无权限;停用;成功;可恢复失败,,P0,导航、路由和权限正确,false
PAGE-207,乐趣生活,微信小程序,4,PAGE-206,商城精选,/life/page-207,按页面权限,完成“商城精选”相关的查看、处理与异常恢复,标题;筛选与搜索;内容区;状态反馈;主要操作;帮助与审计入口,查看;编辑或处理;确认;返回,默认;加载中;空数据;局部错误;无权限;停用;成功;可恢复失败,tenant;permission;business,P0,主任务可完成;异常可恢复;权限不越界;关键操作有反馈;事件已埋点,true
PAGE-208,乐趣生活,微信小程序,3,PAGE-205,商品,,按子页面权限,承载下级页面和统一导航,导航;分组;权限提示,进入下级页面,默认;加载中;空数据;局部错误;无权限;停用;成功;可恢复失败,,P0,导航、路由和权限正确,false
PAGE-209,乐趣生活,微信小程序,4,PAGE-208,商品详情,/life/page-209,消费者,完成“商品详情”相关的查看、处理与异常恢复,标题;筛选与搜索;内容区;状态反馈;主要操作;帮助与审计入口,查看;编辑或处理;确认;返回,默认;加载中;空数据;局部错误;无权限;停用;成功;可恢复失败,tenant;permission;business,P0,主任务可完成;异常可恢复;权限不越界;关键操作有反馈;事件已埋点,true
PAGE-210,乐趣生活,微信小程序,4,PAGE-208,规格选择,/life/page-210,按页面权限,完成“规格选择”相关的查看、处理与异常恢复,标题;筛选与搜索;内容区;状态反馈;主要操作;帮助与审计入口,查看;编辑或处理;确认;返回,默认;加载中;空数据;局部错误;无权限;停用;成功;可恢复失败,tenant;permission;business,P0,主任务可完成;异常可恢复;权限不越界;关键操作有反馈;事件已埋点,true
PAGE-211,乐趣生活,微信小程序,4,PAGE-208,溯源报告,/life/page-211,按页面权限,完成“溯源报告”相关的查看、处理与异常恢复,标题;筛选与搜索;内容区;状态反馈;主要操作;帮助与审计入口,查看;编辑或处理;确认;返回,默认;加载中;空数据;局部错误;无权限;停用;成功;可恢复失败,tenant;permission;business,P0,主任务可完成;异常可恢复;权限不越界;关键操作有反馈;事件已埋点,true
PAGE-212,乐趣生活,微信小程序,3,PAGE-205,活动,,按子页面权限,承载下级页面和统一导航,导航;分组;权限提示,进入下级页面,默认;加载中;空数据;局部错误;无权限;停用;成功;可恢复失败,,P0,导航、路由和权限正确,false
PAGE-213,乐趣生活,微信小程序,4,PAGE-212,活动会场,/life/page-213,按页面权限,完成“活动会场”相关的查看、处理与异常恢复,标题;筛选与搜索;内容区;状态反馈;主要操作;帮助与审计入口,查看;编辑或处理;确认;返回,默认;加载中;空数据;局部错误;无权限;停用;成功;可恢复失败,tenant;permission;business,P0,主任务可完成;异常可恢复;权限不越界;关键操作有反馈;事件已埋点,true
PAGE-214,乐趣生活,微信小程序,2,,生活圈,,按子页面权限,承载下级页面和统一导航,导航;分组;权限提示,进入下级页面,默认;加载中;空数据;局部错误;无权限;停用;成功;可恢复失败,,P0,导航、路由和权限正确,false
PAGE-215,乐趣生活,微信小程序,3,PAGE-214,首页,,按子页面权限,承载下级页面和统一导航,导航;分组;权限提示,进入下级页面,默认;加载中;空数据;局部错误;无权限;停用;成功;可恢复失败,,P0,导航、路由和权限正确,false
PAGE-216,乐趣生活,微信小程序,4,PAGE-215,附近推荐,/life/page-216,按页面权限,完成“附近推荐”相关的查看、处理与异常恢复,标题;筛选与搜索;内容区;状态反馈;主要操作;帮助与审计入口,查看;编辑或处理;确认;返回,默认;加载中;空数据;局部错误;无权限;停用;成功;可恢复失败,geo;merchant-master,P0,主任务可完成;异常可恢复;权限不越界;关键操作有反馈;事件已埋点,true
PAGE-217,乐趣生活,微信小程序,3,PAGE-214,商家,,按子页面权限,承载下级页面和统一导航,导航;分组;权限提示,进入下级页面,默认;加载中;空数据;局部错误;无权限;停用;成功;可恢复失败,,P0,导航、路由和权限正确,false
PAGE-218,乐趣生活,微信小程序,4,PAGE-217,商家详情,/life/page-218,按页面权限,完成“商家详情”相关的查看、处理与异常恢复,标题;筛选与搜索;内容区;状态反馈;主要操作;帮助与审计入口,查看;编辑或处理;确认;返回,默认;加载中;空数据;局部错误;无权限;停用;成功;可恢复失败,tenant;permission;business,P0,主任务可完成;异常可恢复;权限不越界;关键操作有反馈;事件已埋点,true
PAGE-219,乐趣生活,微信小程序,4,PAGE-217,门店地图,/life/page-219,按页面权限,完成“门店地图”相关的查看、处理与异常恢复,标题;筛选与搜索;内容区;状态反馈;主要操作;帮助与审计入口,查看;编辑或处理;确认;返回,默认;加载中;空数据;局部错误;无权限;停用;成功;可恢复失败,geo;merchant-master,P0,主任务可完成;异常可恢复;权限不越界;关键操作有反馈;事件已埋点,true
PAGE-220,乐趣生活,微信小程序,3,PAGE-214,团购,,按子页面权限,承载下级页面和统一导航,导航;分组;权限提示,进入下级页面,默认;加载中;空数据;局部错误;无权限;停用;成功;可恢复失败,,P0,导航、路由和权限正确,false
PAGE-221,乐趣生活,微信小程序,4,PAGE-220,团购详情,/life/page-221,消费者,完成“团购详情”相关的查看、处理与异常恢复,标题;筛选与搜索;内容区;状态反馈;主要操作;帮助与审计入口,查看;编辑或处理;确认;返回,默认;加载中;空数据;局部错误;无权限;停用;成功;可恢复失败,tenant;permission;business,P0,主任务可完成;异常可恢复;权限不越界;关键操作有反馈;事件已埋点,true
PAGE-222,乐趣生活,微信小程序,2,,购物车,,按子页面权限,承载下级页面和统一导航,导航;分组;权限提示,进入下级页面,默认;加载中;空数据;局部错误;无权限;停用;成功;可恢复失败,,P0,导航、路由和权限正确,false
PAGE-223,乐趣生活,微信小程序,3,PAGE-222,列表,,按子页面权限,承载下级页面和统一导航,导航;分组;权限提示,进入下级页面,默认;加载中;空数据;局部错误;无权限;停用;成功;可恢复失败,,P0,导航、路由和权限正确,false
PAGE-224,乐趣生活,微信小程序,4,PAGE-223,购物车,/life/page-224,消费者,完成“购物车”相关的查看、处理与异常恢复,标题;筛选与搜索;内容区;状态反馈;主要操作;帮助与审计入口,查看;编辑或处理;确认;返回,默认;加载中;空数据;局部错误;无权限;停用;成功;可恢复失败,tenant;permission;business,P0,主任务可完成;异常可恢复;权限不越界;关键操作有反馈;事件已埋点,true
PAGE-225,乐趣生活,微信小程序,2,,结算,,按子页面权限,承载下级页面和统一导航,导航;分组;权限提示,进入下级页面,默认;加载中;空数据;局部错误;无权限;停用;成功;可恢复失败,,P0,导航、路由和权限正确,false
PAGE-226,乐趣生活,微信小程序,3,PAGE-225,确认订单,,按子页面权限,承载下级页面和统一导航,导航;分组;权限提示,进入下级页面,默认;加载中;空数据;局部错误;无权限;停用;成功;可恢复失败,,P0,导航、路由和权限正确,false
PAGE-227,乐趣生活,微信小程序,4,PAGE-226,地址与配送,/life/page-227,按页面权限,完成“地址与配送”相关的查看、处理与异常恢复,标题;筛选与搜索;内容区;状态反馈;主要操作;帮助与审计入口,查看;编辑或处理;确认;返回,默认;加载中;空数据;局部错误;无权限;停用;成功;可恢复失败,tenant;permission;business,P0,主任务可完成;异常可恢复;权限不越界;关键操作有反馈;事件已埋点,true
PAGE-228,乐趣生活,微信小程序,4,PAGE-226,优惠与奖励,/life/page-228,按页面权限,完成“优惠与奖励”相关的查看、处理与异常恢复,标题;筛选与搜索;内容区;状态反馈;主要操作;帮助与审计入口,查看;编辑或处理;确认;返回,默认;加载中;空数据;局部错误;无权限;停用;成功;可恢复失败,tenant;permission;business,P0,主任务可完成;异常可恢复;权限不越界;关键操作有反馈;事件已埋点,true
PAGE-229,乐趣生活,微信小程序,4,PAGE-226,订单确认,/life/page-229,消费者,完成“订单确认”相关的查看、处理与异常恢复,标题;筛选与搜索;内容区;状态反馈;主要操作;帮助与审计入口,查看;编辑或处理;确认;返回,默认;加载中;空数据;局部错误;无权限;停用;成功;可恢复失败,order;payment;fulfillment;aftersale,P0,主任务可完成;异常可恢复;权限不越界;关键操作有反馈;事件已埋点,true
PAGE-230,乐趣生活,微信小程序,3,PAGE-225,支付,,按子页面权限,承载下级页面和统一导航,导航;分组;权限提示,进入下级页面,默认;加载中;空数据;局部错误;无权限;停用;成功;可恢复失败,,P0,导航、路由和权限正确,false
PAGE-231,乐趣生活,微信小程序,4,PAGE-230,微信支付,/life/page-231,消费者,完成“微信支付”相关的查看、处理与异常恢复,标题;筛选与搜索;内容区;状态反馈;主要操作;帮助与审计入口,查看;编辑或处理;确认;返回,默认;加载中;空数据;局部错误;无权限;停用;成功;可恢复失败,order;payment;fulfillment;aftersale,P0,主任务可完成;异常可恢复;权限不越界;关键操作有反馈;事件已埋点,true
PAGE-232,乐趣生活,微信小程序,4,PAGE-230,支付结果,/life/page-232,消费者,完成“支付结果”相关的查看、处理与异常恢复,标题;筛选与搜索;内容区;状态反馈;主要操作;帮助与审计入口,查看;编辑或处理;确认;返回,默认;加载中;空数据;局部错误;无权限;停用;成功;可恢复失败,order;payment;fulfillment;aftersale,P0,主任务可完成;异常可恢复;权限不越界;关键操作有反馈;事件已埋点,true
PAGE-233,乐趣生活,微信小程序,2,,我的,,按子页面权限,承载下级页面和统一导航,导航;分组;权限提示,进入下级页面,默认;加载中;空数据;局部错误;无权限;停用;成功;可恢复失败,,P0,导航、路由和权限正确,false
PAGE-234,乐趣生活,微信小程序,3,PAGE-233,会员,,按子页面权限,承载下级页面和统一导航,导航;分组;权限提示,进入下级页面,默认;加载中;空数据;局部错误;无权限;停用;成功;可恢复失败,,P0,导航、路由和权限正确,false
PAGE-235,乐趣生活,微信小程序,4,PAGE-234,会员首页,/life/page-235,消费者,完成“会员首页”相关的查看、处理与异常恢复,标题;筛选与搜索;内容区;状态反馈;主要操作;帮助与审计入口,查看;编辑或处理;确认;返回,默认;加载中;空数据;局部错误;无权限;停用;成功;可恢复失败,tenant;permission;business,P0,主任务可完成;异常可恢复;权限不越界;关键操作有反馈;事件已埋点,true
PAGE-236,乐趣生活,微信小程序,3,PAGE-233,订单,,按子页面权限,承载下级页面和统一导航,导航;分组;权限提示,进入下级页面,默认;加载中;空数据;局部错误;无权限;停用;成功;可恢复失败,,P0,导航、路由和权限正确,false
PAGE-237,乐趣生活,微信小程序,4,PAGE-236,订单列表,/life/page-237,按页面权限,完成“订单列表”相关的查看、处理与异常恢复,标题;筛选与搜索;内容区;状态反馈;主要操作;帮助与审计入口,搜索;筛选;打开详情,默认;加载中;空数据;局部错误;无权限;停用;成功;可恢复失败,order;payment;fulfillment;aftersale,P0,主任务可完成;异常可恢复;权限不越界;关键操作有反馈;事件已埋点,true
PAGE-238,乐趣生活,微信小程序,4,PAGE-236,订单详情,/life/page-238,按页面权限,完成“订单详情”相关的查看、处理与异常恢复,标题;筛选与搜索;内容区;状态反馈;主要操作;帮助与审计入口,查看;编辑或处理;确认;返回,默认;加载中;空数据;局部错误;无权限;停用;成功;可恢复失败,order;payment;fulfillment;aftersale,P0,主任务可完成;异常可恢复;权限不越界;关键操作有反馈;事件已埋点,true
PAGE-239,乐趣生活,微信小程序,5,PAGE-238,售后记录,/life/page-239,按页面权限,完成“售后记录”相关的查看、处理与异常恢复,标题;筛选与搜索;内容区;状态反馈;主要操作;帮助与审计入口,查看;编辑或处理;确认;返回,默认;加载中;空数据;局部错误;无权限;停用;成功;可恢复失败,order;payment;fulfillment;aftersale,P0,主任务可完成;异常可恢复;权限不越界;关键操作有反馈;事件已埋点,true
PAGE-240,乐趣生活,微信小程序,6,PAGE-239,退款详情,/life/page-240,按页面权限,完成“退款详情”相关的查看、处理与异常恢复,标题;筛选与搜索;内容区;状态反馈;主要操作;帮助与审计入口,查看;编辑或处理;确认;返回,默认;加载中;空数据;局部错误;无权限;停用;成功;可恢复失败,order;payment;fulfillment;aftersale,P0,主任务可完成;异常可恢复;权限不越界;关键操作有反馈;事件已埋点,true
PAGE-241,乐趣生活,微信小程序,3,PAGE-233,团购券,,按子页面权限,承载下级页面和统一导航,导航;分组;权限提示,进入下级页面,默认;加载中;空数据;局部错误;无权限;停用;成功;可恢复失败,,P0,导航、路由和权限正确,false
PAGE-242,乐趣生活,微信小程序,4,PAGE-241,待使用券,/life/page-242,按页面权限,完成“待使用券”相关的查看、处理与异常恢复,标题;筛选与搜索;内容区;状态反馈;主要操作;帮助与审计入口,查看;编辑或处理;确认;返回,默认;加载中;空数据;局部错误;无权限;停用;成功;可恢复失败,tenant;permission;business,P0,主任务可完成;异常可恢复;权限不越界;关键操作有反馈;事件已埋点,true
PAGE-243,乐趣生活,微信小程序,4,PAGE-241,核销结果,/life/page-243,按页面权限,完成“核销结果”相关的查看、处理与异常恢复,标题;筛选与搜索;内容区;状态反馈;主要操作;帮助与审计入口,查看;编辑或处理;确认;返回,默认;加载中;空数据;局部错误;无权限;停用;成功;可恢复失败,order;payment;fulfillment;aftersale,P0,主任务可完成;异常可恢复;权限不越界;关键操作有反馈;事件已埋点,true
PAGE-244,乐趣生活,微信小程序,3,PAGE-233,售后,,按子页面权限,承载下级页面和统一导航,导航;分组;权限提示,进入下级页面,默认;加载中;空数据;局部错误;无权限;停用;成功;可恢复失败,,P0,导航、路由和权限正确,false
PAGE-245,乐趣生活,微信小程序,4,PAGE-244,申请售后,/life/page-245,按页面权限,完成“申请售后”相关的查看、处理与异常恢复,标题;筛选与搜索;内容区;状态反馈;主要操作;帮助与审计入口,查看;编辑或处理;确认;返回,默认;加载中;空数据;局部错误;无权限;停用;成功;可恢复失败,order;payment;fulfillment;aftersale,P0,主任务可完成;异常可恢复;权限不越界;关键操作有反馈;事件已埋点,true
PAGE-246,乐趣生活,微信小程序,4,PAGE-244,售后详情,/life/page-246,按页面权限,完成“售后详情”相关的查看、处理与异常恢复,标题;筛选与搜索;内容区;状态反馈;主要操作;帮助与审计入口,查看;编辑或处理;确认;返回,默认;加载中;空数据;局部错误;无权限;停用;成功;可恢复失败,order;payment;fulfillment;aftersale,P0,主任务可完成;异常可恢复;权限不越界;关键操作有反馈;事件已埋点,true
PAGE-247,乐趣生活,微信小程序,3,PAGE-233,地址,,按子页面权限,承载下级页面和统一导航,导航;分组;权限提示,进入下级页面,默认;加载中;空数据;局部错误;无权限;停用;成功;可恢复失败,,P0,导航、路由和权限正确,false
PAGE-248,乐趣生活,微信小程序,4,PAGE-247,地址管理,/life/page-248,按页面权限,完成“地址管理”相关的查看、处理与异常恢复,标题;筛选与搜索;内容区;状态反馈;主要操作;帮助与审计入口,查看;编辑或处理;确认;返回,默认;加载中;空数据;局部错误;无权限;停用;成功;可恢复失败,tenant;permission;business,P0,主任务可完成;异常可恢复;权限不越界;关键操作有反馈;事件已埋点,true
PAGE-249,乐趣生活,微信小程序,3,PAGE-233,发票,,按子页面权限,承载下级页面和统一导航,导航;分组;权限提示,进入下级页面,默认;加载中;空数据;局部错误;无权限;停用;成功;可恢复失败,,P0,导航、路由和权限正确,false
PAGE-250,乐趣生活,微信小程序,4,PAGE-249,发票与抬头,/life/page-250,按页面权限,完成“发票与抬头”相关的查看、处理与异常恢复,标题;筛选与搜索;内容区;状态反馈;主要操作;帮助与审计入口,查看;编辑或处理;确认;返回,默认;加载中;空数据;局部错误;无权限;停用;成功;可恢复失败,tenant;permission;business,P0,主任务可完成;异常可恢复;权限不越界;关键操作有反馈;事件已埋点,true
PAGE-251,乐趣生活,微信小程序,3,PAGE-233,消费奖励,,按子页面权限,承载下级页面和统一导航,导航;分组;权限提示,进入下级页面,默认;加载中;空数据;局部错误;无权限;停用;成功;可恢复失败,,P0,导航、路由和权限正确,false
PAGE-252,乐趣生活,微信小程序,4,PAGE-251,奖励明细,/life/page-252,按页面权限,完成“奖励明细”相关的查看、处理与异常恢复,标题;筛选与搜索;内容区;状态反馈;主要操作;帮助与审计入口,查看;编辑或处理;确认;返回,默认;加载中;空数据;局部错误;无权限;停用;成功;可恢复失败,tenant;permission;business,P0,主任务可完成;异常可恢复;权限不越界;关键操作有反馈;事件已埋点,true
PAGE-253,乐趣生活,微信小程序,3,PAGE-233,设置,,按子页面权限,承载下级页面和统一导航,导航;分组;权限提示,进入下级页面,默认;加载中;空数据;局部错误;无权限;停用;成功;可恢复失败,,P0,导航、路由和权限正确,false
PAGE-254,乐趣生活,微信小程序,4,PAGE-253,隐私与授权,/life/page-254,商户管理员,完成“隐私与授权”相关的查看、处理与异常恢复,标题;筛选与搜索;内容区;状态反馈;主要操作;帮助与审计入口,查看;编辑或处理;确认;返回,默认;加载中;空数据;局部错误;无权限;停用;成功;可恢复失败,tenant;permission;business,P0,主任务可完成;异常可恢复;权限不越界;关键操作有反馈;事件已埋点,true
PAGE-255,乐趣生活,微信小程序,4,PAGE-253,订阅消息,/life/page-255,按页面权限,完成“订阅消息”相关的查看、处理与异常恢复,标题;筛选与搜索;内容区;状态反馈;主要操作;帮助与审计入口,查看;编辑或处理;确认;返回,默认;加载中;空数据;局部错误;无权限;停用;成功;可恢复失败,subscription;entitlement;usage;revenue-share,P0,主任务可完成;异常可恢复;权限不越界;关键操作有反馈;事件已埋点,true
PAGE-256,乐趣生活,微信小程序,2,,AI生活助手,,按子页面权限,承载下级页面和统一导航,导航;分组;权限提示,进入下级页面,默认;加载中;空数据;局部错误;无权限;停用;成功;可恢复失败,,P0,导航、路由和权限正确,false
PAGE-257,乐趣生活,微信小程序,3,PAGE-256,对话,,按子页面权限,承载下级页面和统一导航,导航;分组;权限提示,进入下级页面,默认;加载中;空数据;局部错误;无权限;停用;成功;可恢复失败,,P0,导航、路由和权限正确,false
PAGE-258,乐趣生活,微信小程序,4,PAGE-257,小满生活助手,/life/page-258,按页面权限,完成“小满生活助手”相关的查看、处理与异常恢复,标题;筛选与搜索;内容区;状态反馈;主要操作;帮助与审计入口,查看;编辑或处理;确认;返回,默认;加载中;空数据;局部错误;无权限;停用;成功;可恢复失败,tenant;permission;business,P0,主任务可完成;异常可恢复;权限不越界;关键操作有反馈;事件已埋点,true
PAGE-259,乐趣生活,微信小程序,4,PAGE-257,订单与售后工具,/life/page-259,按页面权限,完成“订单与售后工具”相关的查看、处理与异常恢复,标题;筛选与搜索;内容区;状态反馈;主要操作;帮助与审计入口,查看;编辑或处理;确认;返回,默认;加载中;空数据;局部错误;无权限;停用;成功;可恢复失败,order;payment;fulfillment;aftersale,P0,主任务可完成;异常可恢复;权限不越界;关键操作有反馈;事件已埋点,true
PAGE-260,乐趣生活,微信小程序,2,,客服与帮助,,按子页面权限,承载下级页面和统一导航,导航;分组;权限提示,进入下级页面,默认;加载中;空数据;局部错误;无权限;停用;成功;可恢复失败,,P0,导航、路由和权限正确,false
PAGE-261,乐趣生活,微信小程序,3,PAGE-260,AI客服,,按子页面权限,承载下级页面和统一导航,导航;分组;权限提示,进入下级页面,默认;加载中;空数据;局部错误;无权限;停用;成功;可恢复失败,,P0,导航、路由和权限正确,false
PAGE-262,乐趣生活,微信小程序,4,PAGE-261,乐趣生活客服,/life/page-262,客服与店长,完成“乐趣生活客服”相关的查看、处理与异常恢复,标题;筛选与搜索;内容区;状态反馈;主要操作;帮助与审计入口,查看;编辑或处理;确认;返回,默认;加载中;空数据;局部错误;无权限;停用;成功;可恢复失败,service;customer;knowledge,P0,主任务可完成;异常可恢复;权限不越界;关键操作有反馈;事件已埋点,true
PAGE-263,乐趣生活,微信小程序,3,PAGE-260,工单,,按子页面权限,承载下级页面和统一导航,导航;分组;权限提示,进入下级页面,默认;加载中;空数据;局部错误;无权限;停用;成功;可恢复失败,,P0,导航、路由和权限正确,false
PAGE-264,乐趣生活,微信小程序,4,PAGE-263,我的工单,/life/page-264,客服与店长,完成“我的工单”相关的查看、处理与异常恢复,标题;筛选与搜索;内容区;状态反馈;主要操作;帮助与审计入口,查看;编辑或处理;确认;返回,默认;加载中;空数据;局部错误;无权限;停用;成功;可恢复失败,tenant;permission;business,P0,主任务可完成;异常可恢复;权限不越界;关键操作有反馈;事件已埋点,true
PAGE-265,商家独立小程序模板实例,微信小程序,2,,商家首页,,按子页面权限,承载下级页面和统一导航,导航;分组;权限提示,进入下级页面,默认;加载中;空数据;局部错误;无权限;停用;成功;可恢复失败,,P0,导航、路由和权限正确,false
PAGE-266,商家独立小程序模板实例,微信小程序,3,PAGE-265,首页,,按子页面权限,承载下级页面和统一导航,导航;分组;权限提示,进入下级页面,默认;加载中;空数据;局部错误;无权限;停用;成功;可恢复失败,,P0,导航、路由和权限正确,false
PAGE-267,商家独立小程序模板实例,微信小程序,4,PAGE-266,品牌与门店,/merchant/page-267,按页面权限,完成“品牌与门店”相关的查看、处理与异常恢复,标题;筛选与搜索;内容区;状态反馈;主要操作;帮助与审计入口,查看;编辑或处理;确认;返回,默认;加载中;空数据;局部错误;无权限;停用;成功;可恢复失败,tenant;permission;business,P0,主任务可完成;异常可恢复;权限不越界;关键操作有反馈;事件已埋点,true
PAGE-268,商家独立小程序模板实例,微信小程序,3,PAGE-265,门店,,按子页面权限,承载下级页面和统一导航,导航;分组;权限提示,进入下级页面,默认;加载中;空数据;局部错误;无权限;停用;成功;可恢复失败,,P0,导航、路由和权限正确,false
PAGE-269,商家独立小程序模板实例,微信小程序,4,PAGE-268,门店信息,/merchant/page-269,按页面权限,完成“门店信息”相关的查看、处理与异常恢复,标题;筛选与搜索;内容区;状态反馈;主要操作;帮助与审计入口,查看;编辑或处理;确认;返回,默认;加载中;空数据;局部错误;无权限;停用;成功;可恢复失败,tenant;permission;business,P0,主任务可完成;异常可恢复;权限不越界;关键操作有反馈;事件已埋点,true
PAGE-270,商家独立小程序模板实例,微信小程序,4,PAGE-268,门店切换,/merchant/page-270,按页面权限,完成“门店切换”相关的查看、处理与异常恢复,标题;筛选与搜索;内容区;状态反馈;主要操作;帮助与审计入口,查看;编辑或处理;确认;返回,默认;加载中;空数据;局部错误;无权限;停用;成功;可恢复失败,tenant;permission;business,P0,主任务可完成;异常可恢复;权限不越界;关键操作有反馈;事件已埋点,true
PAGE-271,商家独立小程序模板实例,微信小程序,2,,商品与团购,,按子页面权限,承载下级页面和统一导航,导航;分组;权限提示,进入下级页面,默认;加载中;空数据;局部错误;无权限;停用;成功;可恢复失败,,P0,导航、路由和权限正确,false
PAGE-272,商家独立小程序模板实例,微信小程序,3,PAGE-271,商品,,按子页面权限,承载下级页面和统一导航,导航;分组;权限提示,进入下级页面,默认;加载中;空数据;局部错误;无权限;停用;成功;可恢复失败,,P0,导航、路由和权限正确,false
PAGE-273,商家独立小程序模板实例,微信小程序,4,PAGE-272,商品列表,/merchant/page-273,按页面权限,完成“商品列表”相关的查看、处理与异常恢复,标题;筛选与搜索;内容区;状态反馈;主要操作;帮助与审计入口,搜索;筛选;打开详情,默认;加载中;空数据;局部错误;无权限;停用;成功;可恢复失败,tenant;permission;business,P0,主任务可完成;异常可恢复;权限不越界;关键操作有反馈;事件已埋点,true
PAGE-274,商家独立小程序模板实例,微信小程序,4,PAGE-272,商品详情,/merchant/page-274,消费者,完成“商品详情”相关的查看、处理与异常恢复,标题;筛选与搜索;内容区;状态反馈;主要操作;帮助与审计入口,查看;编辑或处理;确认;返回,默认;加载中;空数据;局部错误;无权限;停用;成功;可恢复失败,tenant;permission;business,P0,主任务可完成;异常可恢复;权限不越界;关键操作有反馈;事件已埋点,true
PAGE-275,商家独立小程序模板实例,微信小程序,3,PAGE-271,团购,,按子页面权限,承载下级页面和统一导航,导航;分组;权限提示,进入下级页面,默认;加载中;空数据;局部错误;无权限;停用;成功;可恢复失败,,P0,导航、路由和权限正确,false
PAGE-276,商家独立小程序模板实例,微信小程序,4,PAGE-275,团购列表,/merchant/page-276,按页面权限,完成“团购列表”相关的查看、处理与异常恢复,标题;筛选与搜索;内容区;状态反馈;主要操作;帮助与审计入口,搜索;筛选;打开详情,默认;加载中;空数据;局部错误;无权限;停用;成功;可恢复失败,tenant;permission;business,P0,主任务可完成;异常可恢复;权限不越界;关键操作有反馈;事件已埋点,true
PAGE-277,商家独立小程序模板实例,微信小程序,4,PAGE-275,团购详情,/merchant/page-277,消费者,完成“团购详情”相关的查看、处理与异常恢复,标题;筛选与搜索;内容区;状态反馈;主要操作;帮助与审计入口,查看;编辑或处理;确认;返回,默认;加载中;空数据;局部错误;无权限;停用;成功;可恢复失败,tenant;permission;business,P0,主任务可完成;异常可恢复;权限不越界;关键操作有反馈;事件已埋点,true
PAGE-278,商家独立小程序模板实例,微信小程序,2,,购物与支付,,按子页面权限,承载下级页面和统一导航,导航;分组;权限提示,进入下级页面,默认;加载中;空数据;局部错误;无权限;停用;成功;可恢复失败,,P0,导航、路由和权限正确,false
PAGE-279,商家独立小程序模板实例,微信小程序,3,PAGE-278,购物车,,按子页面权限,承载下级页面和统一导航,导航;分组;权限提示,进入下级页面,默认;加载中;空数据;局部错误;无权限;停用;成功;可恢复失败,,P0,导航、路由和权限正确,false
PAGE-280,商家独立小程序模板实例,微信小程序,4,PAGE-279,购物车,/merchant/page-280,消费者,完成“购物车”相关的查看、处理与异常恢复,标题;筛选与搜索;内容区;状态反馈;主要操作;帮助与审计入口,查看;编辑或处理;确认;返回,默认;加载中;空数据;局部错误;无权限;停用;成功;可恢复失败,tenant;permission;business,P0,主任务可完成;异常可恢复;权限不越界;关键操作有反馈;事件已埋点,true
PAGE-281,商家独立小程序模板实例,微信小程序,3,PAGE-278,结算,,按子页面权限,承载下级页面和统一导航,导航;分组;权限提示,进入下级页面,默认;加载中;空数据;局部错误;无权限;停用;成功;可恢复失败,,P0,导航、路由和权限正确,false
PAGE-282,商家独立小程序模板实例,微信小程序,4,PAGE-281,确认订单,/merchant/page-282,按页面权限,完成“确认订单”相关的查看、处理与异常恢复,标题;筛选与搜索;内容区;状态反馈;主要操作;帮助与审计入口,查看;编辑或处理;确认;返回,默认;加载中;空数据;局部错误;无权限;停用;成功;可恢复失败,order;payment;fulfillment;aftersale,P0,主任务可完成;异常可恢复;权限不越界;关键操作有反馈;事件已埋点,true
PAGE-283,商家独立小程序模板实例,微信小程序,3,PAGE-278,支付,,按子页面权限,承载下级页面和统一导航,导航;分组;权限提示,进入下级页面,默认;加载中;空数据;局部错误;无权限;停用;成功;可恢复失败,,P0,导航、路由和权限正确,false
PAGE-284,商家独立小程序模板实例,微信小程序,4,PAGE-283,商家微信支付,/merchant/page-284,消费者,向商家自己的微信支付商户号付款,标题;筛选与搜索;内容区;状态反馈;主要操作;帮助与审计入口,支付;重试;查询真实状态,默认;加载中;空数据;局部错误;无权限;停用;成功;可恢复失败,payment;order,P0,主任务可完成;异常可恢复;权限不越界;关键操作有反馈;事件已埋点,true
PAGE-285,商家独立小程序模板实例,微信小程序,4,PAGE-283,支付结果,/merchant/page-285,消费者,完成“支付结果”相关的查看、处理与异常恢复,标题;筛选与搜索;内容区;状态反馈;主要操作;帮助与审计入口,查看;编辑或处理;确认;返回,默认;加载中;空数据;局部错误;无权限;停用;成功;可恢复失败,order;payment;fulfillment;aftersale,P0,主任务可完成;异常可恢复;权限不越界;关键操作有反馈;事件已埋点,true
PAGE-286,商家独立小程序模板实例,微信小程序,2,,订单与核销,,按子页面权限,承载下级页面和统一导航,导航;分组;权限提示,进入下级页面,默认;加载中;空数据;局部错误;无权限;停用;成功;可恢复失败,,P0,导航、路由和权限正确,false
PAGE-287,商家独立小程序模板实例,微信小程序,3,PAGE-286,订单,,按子页面权限,承载下级页面和统一导航,导航;分组;权限提示,进入下级页面,默认;加载中;空数据;局部错误;无权限;停用;成功;可恢复失败,,P0,导航、路由和权限正确,false
PAGE-288,商家独立小程序模板实例,微信小程序,4,PAGE-287,订单列表,/merchant/page-288,按页面权限,完成“订单列表”相关的查看、处理与异常恢复,标题;筛选与搜索;内容区;状态反馈;主要操作;帮助与审计入口,搜索;筛选;打开详情,默认;加载中;空数据;局部错误;无权限;停用;成功;可恢复失败,order;payment;fulfillment;aftersale,P0,主任务可完成;异常可恢复;权限不越界;关键操作有反馈;事件已埋点,true
PAGE-289,商家独立小程序模板实例,微信小程序,4,PAGE-287,订单详情,/merchant/page-289,按页面权限,完成“订单详情”相关的查看、处理与异常恢复,标题;筛选与搜索;内容区;状态反馈;主要操作;帮助与审计入口,查看;编辑或处理;确认;返回,默认;加载中;空数据;局部错误;无权限;停用;成功;可恢复失败,order;payment;fulfillment;aftersale,P0,主任务可完成;异常可恢复;权限不越界;关键操作有反馈;事件已埋点,true
PAGE-290,商家独立小程序模板实例,微信小程序,5,PAGE-289,售后记录,/merchant/page-290,按页面权限,完成“售后记录”相关的查看、处理与异常恢复,标题;筛选与搜索;内容区;状态反馈;主要操作;帮助与审计入口,查看;编辑或处理;确认;返回,默认;加载中;空数据;局部错误;无权限;停用;成功;可恢复失败,order;payment;fulfillment;aftersale,P0,主任务可完成;异常可恢复;权限不越界;关键操作有反馈;事件已埋点,true
PAGE-291,商家独立小程序模板实例,微信小程序,6,PAGE-290,退款详情,/merchant/page-291,按页面权限,完成“退款详情”相关的查看、处理与异常恢复,标题;筛选与搜索;内容区;状态反馈;主要操作;帮助与审计入口,查看;编辑或处理;确认;返回,默认;加载中;空数据;局部错误;无权限;停用;成功;可恢复失败,order;payment;fulfillment;aftersale,P0,主任务可完成;异常可恢复;权限不越界;关键操作有反馈;事件已埋点,true
PAGE-292,商家独立小程序模板实例,微信小程序,3,PAGE-286,团购券,,按子页面权限,承载下级页面和统一导航,导航;分组;权限提示,进入下级页面,默认;加载中;空数据;局部错误;无权限;停用;成功;可恢复失败,,P0,导航、路由和权限正确,false
PAGE-293,商家独立小程序模板实例,微信小程序,4,PAGE-292,我的券,/merchant/page-293,消费者,完成“我的券”相关的查看、处理与异常恢复,标题;筛选与搜索;内容区;状态反馈;主要操作;帮助与审计入口,查看;编辑或处理;确认;返回,默认;加载中;空数据;局部错误;无权限;停用;成功;可恢复失败,tenant;permission;business,P0,主任务可完成;异常可恢复;权限不越界;关键操作有反馈;事件已埋点,true
PAGE-294,商家独立小程序模板实例,微信小程序,4,PAGE-292,券码详情,/merchant/page-294,按页面权限,完成“券码详情”相关的查看、处理与异常恢复,标题;筛选与搜索;内容区;状态反馈;主要操作;帮助与审计入口,查看;编辑或处理;确认;返回,默认;加载中;空数据;局部错误;无权限;停用;成功;可恢复失败,tenant;permission;business,P0,主任务可完成;异常可恢复;权限不越界;关键操作有反馈;事件已埋点,true
PAGE-295,商家独立小程序模板实例,微信小程序,2,,AI店员,,按子页面权限,承载下级页面和统一导航,导航;分组;权限提示,进入下级页面,默认;加载中;空数据;局部错误;无权限;停用;成功;可恢复失败,,P0,导航、路由和权限正确,false
PAGE-296,商家独立小程序模板实例,微信小程序,3,PAGE-295,对话,,按子页面权限,承载下级页面和统一导航,导航;分组;权限提示,进入下级页面,默认;加载中;空数据;局部错误;无权限;停用;成功;可恢复失败,,P0,导航、路由和权限正确,false
PAGE-297,商家独立小程序模板实例,微信小程序,4,PAGE-296,半屏快速问,/merchant/page-297,按页面权限,完成“半屏快速问”相关的查看、处理与异常恢复,标题;筛选与搜索;内容区;状态反馈;主要操作;帮助与审计入口,查看;编辑或处理;确认;返回,默认;加载中;空数据;局部错误;无权限;停用;成功;可恢复失败,tenant;permission;business,P0,主任务可完成;异常可恢复;权限不越界;关键操作有反馈;事件已埋点,true
PAGE-298,商家独立小程序模板实例,微信小程序,4,PAGE-296,全屏会话,/merchant/page-298,客服与店长,完成“全屏会话”相关的查看、处理与异常恢复,标题;筛选与搜索;内容区;状态反馈;主要操作;帮助与审计入口,查看;编辑或处理;确认;返回,默认;加载中;空数据;局部错误;无权限;停用;成功;可恢复失败,service;customer;knowledge,P0,主任务可完成;异常可恢复;权限不越界;关键操作有反馈;事件已埋点,true
PAGE-299,商家独立小程序模板实例,微信小程序,4,PAGE-296,人工回复提醒,/merchant/page-299,按页面权限,完成“人工回复提醒”相关的查看、处理与异常恢复,标题;筛选与搜索;内容区;状态反馈;主要操作;帮助与审计入口,查看;编辑或处理;确认;返回,默认;加载中;空数据;局部错误;无权限;停用;成功;可恢复失败,tenant;permission;business,P0,主任务可完成;异常可恢复;权限不越界;关键操作有反馈;事件已埋点,true
PAGE-300,商家独立小程序模板实例,微信小程序,2,,会员与我的,,按子页面权限,承载下级页面和统一导航,导航;分组;权限提示,进入下级页面,默认;加载中;空数据;局部错误;无权限;停用;成功;可恢复失败,,P0,导航、路由和权限正确,false
PAGE-301,商家独立小程序模板实例,微信小程序,3,PAGE-300,会员,,按子页面权限,承载下级页面和统一导航,导航;分组;权限提示,进入下级页面,默认;加载中;空数据;局部错误;无权限;停用;成功;可恢复失败,,P0,导航、路由和权限正确,false
PAGE-302,商家独立小程序模板实例,微信小程序,4,PAGE-301,商家会员,/merchant/page-302,按页面权限,完成“商家会员”相关的查看、处理与异常恢复,标题;筛选与搜索;内容区;状态反馈;主要操作;帮助与审计入口,查看;编辑或处理;确认;返回,默认;加载中;空数据;局部错误;无权限;停用;成功;可恢复失败,tenant;permission;business,P0,主任务可完成;异常可恢复;权限不越界;关键操作有反馈;事件已埋点,true
PAGE-303,商家独立小程序模板实例,微信小程序,3,PAGE-300,售后,,按子页面权限,承载下级页面和统一导航,导航;分组;权限提示,进入下级页面,默认;加载中;空数据;局部错误;无权限;停用;成功;可恢复失败,,P0,导航、路由和权限正确,false
PAGE-304,商家独立小程序模板实例,微信小程序,4,PAGE-303,售后申请,/merchant/page-304,按页面权限,完成“售后申请”相关的查看、处理与异常恢复,标题;筛选与搜索;内容区;状态反馈;主要操作;帮助与审计入口,查看;编辑或处理;确认;返回,默认;加载中;空数据;局部错误;无权限;停用;成功;可恢复失败,order;payment;fulfillment;aftersale,P0,主任务可完成;异常可恢复;权限不越界;关键操作有反馈;事件已埋点,true
PAGE-305,商家独立小程序模板实例,微信小程序,4,PAGE-303,售后进度,/merchant/page-305,按页面权限,完成“售后进度”相关的查看、处理与异常恢复,标题;筛选与搜索;内容区;状态反馈;主要操作;帮助与审计入口,查看;编辑或处理;确认;返回,默认;加载中;空数据;局部错误;无权限;停用;成功;可恢复失败,order;payment;fulfillment;aftersale,P0,主任务可完成;异常可恢复;权限不越界;关键操作有反馈;事件已埋点,true
PAGE-306,商家独立小程序模板实例,微信小程序,3,PAGE-300,设置,,按子页面权限,承载下级页面和统一导航,导航;分组;权限提示,进入下级页面,默认;加载中;空数据;局部错误;无权限;停用;成功;可恢复失败,,P0,导航、路由和权限正确,false
PAGE-307,商家独立小程序模板实例,微信小程序,4,PAGE-306,隐私与客户档案,/merchant/page-307,按页面权限,完成“隐私与客户档案”相关的查看、处理与异常恢复,标题;筛选与搜索;内容区;状态反馈;主要操作;帮助与审计入口,查看;编辑或处理;确认;返回,默认;加载中;空数据;局部错误;无权限;停用;成功;可恢复失败,service;customer;knowledge,P0,主任务可完成;异常可恢复;权限不越界;关键操作有反馈;事件已埋点,true
